session;method;gender;emotion;n_annotators;agreement;path
1;impro;M;sad;4;2;Session1/sentences/wav/Ses01M_impro06/Ses01M_impro06_F006.wav
1;impro;F;sad;4;2;Session1/sentences/wav/Ses01F_impro06/Ses01F_impro06_F006.wav
1;impro;F;sad;4;2;Session1/sentences/wav/Ses01F_impro06/Ses01F_impro06_F010.wav
1;impro;F;sad;4;2;Session1/sentences/wav/Ses01F_impro06/Ses01F_impro06_F012.wav
1;impro;F;sad;4;2;Session1/sentences/wav/Ses01F_impro06/Ses01F_impro06_M003.wav
1;impro;F;sad;4;2;Session1/sentences/wav/Ses01F_impro06/Ses01F_impro06_M007.wav
1;script;F;sad;3;2;Session1/sentences/wav/Ses01F_script02_1/Ses01F_script02_1_F010.wav
1;script;M;sad;3;2;Session1/sentences/wav/Ses01M_script01_1/Ses01M_script01_1_F004.wav
1;script;M;sad;3;2;Session1/sentences/wav/Ses01M_script01_1/Ses01M_script01_1_F031.wav
1;script;M;sad;3;2;Session1/sentences/wav/Ses01M_script01_1/Ses01M_script01_1_M003.wav
1;script;M;sad;3;2;Session1/sentences/wav/Ses01M_script01_1/Ses01M_script01_1_M006.wav
1;script;M;sad;3;2;Session1/sentences/wav/Ses01M_script01_1/Ses01M_script01_1_M007.wav
1;script;M;sad;3;2;Session1/sentences/wav/Ses01M_script01_1/Ses01M_script01_1_M024.wav
1;script;M;sad;3;2;Session1/sentences/wav/Ses01M_script01_1/Ses01M_script01_1_M038.wav
1;script;M;sad;3;2;Session1/sentences/wav/Ses01M_script01_1/Ses01M_script01_1_M040.wav
1;script;M;sad;3;2;Session1/sentences/wav/Ses01M_script02_2/Ses01M_script02_2_F022.wav
1;script;M;sad;3;2;Session1/sentences/wav/Ses01M_script02_2/Ses01M_script02_2_F025.wav
1;script;M;sad;3;2;Session1/sentences/wav/Ses01M_script02_2/Ses01M_script02_2_F026.wav
1;script;M;sad;3;2;Session1/sentences/wav/Ses01M_script02_2/Ses01M_script02_2_F033.wav
1;script;M;sad;3;2;Session1/sentences/wav/Ses01M_script02_2/Ses01M_script02_2_F040.wav
1;script;M;sad;3;2;Session1/sentences/wav/Ses01M_script02_2/Ses01M_script02_2_F046.wav
1;script;M;sad;3;2;Session1/sentences/wav/Ses01M_script02_2/Ses01M_script02_2_M037.wav
1;script;M;sad;3;2;Session1/sentences/wav/Ses01M_script02_2/Ses01M_script02_2_M038.wav
1;script;M;sad;3;2;Session1/sentences/wav/Ses01M_script02_2/Ses01M_script02_2_M041.wav
1;script;M;sad;3;2;Session1/sentences/wav/Ses01M_script02_2/Ses01M_script02_2_M045.wav
1;script;F;sad;3;2;Session1/sentences/wav/Ses01F_script02_2/Ses01F_script02_2_F015.wav
1;script;F;sad;3;2;Session1/sentences/wav/Ses01F_script02_2/Ses01F_script02_2_F034.wav
1;script;F;sad;3;2;Session1/sentences/wav/Ses01F_script02_2/Ses01F_script02_2_F036.wav
1;script;F;sad;3;2;Session1/sentences/wav/Ses01F_script02_2/Ses01F_script02_2_F040.wav
1;script;F;sad;3;2;Session1/sentences/wav/Ses01F_script02_2/Ses01F_script02_2_F046.wav
1;script;F;sad;3;2;Session1/sentences/wav/Ses01F_script02_2/Ses01F_script02_2_M038.wav
1;script;M;sad;3;2;Session1/sentences/wav/Ses01M_script03_1/Ses01M_script03_1_M014.wav
1;script;F;sad;3;2;Session1/sentences/wav/Ses01F_script01_3/Ses01F_script01_3_F030.wav
1;script;F;sad;3;2;Session1/sentences/wav/Ses01F_script01_3/Ses01F_script01_3_M021.wav
1;script;F;sad;3;2;Session1/sentences/wav/Ses01F_script01_3/Ses01F_script01_3_M022.wav
1;script;F;sad;3;2;Session1/sentences/wav/Ses01F_script01_3/Ses01F_script01_3_M023.wav
1;script;F;sad;3;2;Session1/sentences/wav/Ses01F_script01_3/Ses01F_script01_3_M024.wav
1;script;F;sad;3;2;Session1/sentences/wav/Ses01F_script01_3/Ses01F_script01_3_M025.wav
1;script;F;sad;3;2;Session1/sentences/wav/Ses01F_script01_3/Ses01F_script01_3_M033.wav
1;script;M;sad;3;2;Session1/sentences/wav/Ses01M_script01_3/Ses01M_script01_3_F003.wav
1;script;M;sad;3;2;Session1/sentences/wav/Ses01M_script01_3/Ses01M_script01_3_F005.wav
1;script;M;sad;3;2;Session1/sentences/wav/Ses01M_script01_3/Ses01M_script01_3_F018.wav
1;script;M;sad;3;2;Session1/sentences/wav/Ses01M_script01_3/Ses01M_script01_3_F019.wav
1;script;M;sad;3;2;Session1/sentences/wav/Ses01M_script01_3/Ses01M_script01_3_F021.wav
1;script;M;sad;3;2;Session1/sentences/wav/Ses01M_script01_3/Ses01M_script01_3_F022.wav
1;script;M;sad;3;2;Session1/sentences/wav/Ses01M_script01_3/Ses01M_script01_3_F023.wav
1;script;M;sad;3;2;Session1/sentences/wav/Ses01M_script01_3/Ses01M_script01_3_F024.wav
1;script;M;sad;3;2;Session1/sentences/wav/Ses01M_script01_3/Ses01M_script01_3_F026.wav
1;script;M;sad;3;2;Session1/sentences/wav/Ses01M_script01_3/Ses01M_script01_3_M002.wav
1;script;M;sad;3;2;Session1/sentences/wav/Ses01M_script01_3/Ses01M_script01_3_M022.wav
1;script;M;sad;3;2;Session1/sentences/wav/Ses01M_script01_3/Ses01M_script01_3_M023.wav
1;script;M;sad;3;2;Session1/sentences/wav/Ses01M_script01_3/Ses01M_script01_3_M024.wav
1;script;M;sad;3;2;Session1/sentences/wav/Ses01M_script01_3/Ses01M_script01_3_M025.wav
1;script;M;sad;3;2;Session1/sentences/wav/Ses01M_script01_3/Ses01M_script01_3_M030.wav
1;script;M;sad;3;2;Session1/sentences/wav/Ses01M_script01_3/Ses01M_script01_3_M041.wav
1;impro;M;sad;4;3;Session1/sentences/wav/Ses01M_impro06/Ses01M_impro06_F003.wav
1;impro;M;sad;4;3;Session1/sentences/wav/Ses01M_impro06/Ses01M_impro06_F004.wav
1;impro;M;sad;4;3;Session1/sentences/wav/Ses01M_impro06/Ses01M_impro06_F005.wav
1;impro;M;sad;4;3;Session1/sentences/wav/Ses01M_impro06/Ses01M_impro06_M000.wav
1;impro;M;sad;4;3;Session1/sentences/wav/Ses01M_impro06/Ses01M_impro06_M001.wav
1;impro;F;sad;4;3;Session1/sentences/wav/Ses01F_impro02/Ses01F_impro02_F000.wav
1;impro;F;sad;4;3;Session1/sentences/wav/Ses01F_impro02/Ses01F_impro02_F001.wav
1;impro;F;sad;4;3;Session1/sentences/wav/Ses01F_impro02/Ses01F_impro02_F002.wav
1;impro;F;sad;4;3;Session1/sentences/wav/Ses01F_impro02/Ses01F_impro02_F004.wav
1;impro;F;sad;4;3;Session1/sentences/wav/Ses01F_impro02/Ses01F_impro02_F005.wav
1;impro;F;sad;4;3;Session1/sentences/wav/Ses01F_impro02/Ses01F_impro02_F008.wav
1;impro;F;sad;4;3;Session1/sentences/wav/Ses01F_impro02/Ses01F_impro02_F010.wav
1;impro;F;sad;4;3;Session1/sentences/wav/Ses01F_impro02/Ses01F_impro02_F012.wav
1;impro;F;sad;4;3;Session1/sentences/wav/Ses01F_impro02/Ses01F_impro02_M001.wav
1;impro;F;sad;4;3;Session1/sentences/wav/Ses01F_impro02/Ses01F_impro02_M005.wav
1;impro;F;sad;4;3;Session1/sentences/wav/Ses01F_impro02/Ses01F_impro02_M009.wav
1;impro;F;sad;4;3;Session1/sentences/wav/Ses01F_impro02/Ses01F_impro02_M010.wav
1;impro;F;sad;4;3;Session1/sentences/wav/Ses01F_impro02/Ses01F_impro02_M011.wav
1;impro;F;sad;4;3;Session1/sentences/wav/Ses01F_impro02/Ses01F_impro02_M014.wav
1;impro;F;sad;4;3;Session1/sentences/wav/Ses01F_impro06/Ses01F_impro06_F002.wav
1;impro;F;sad;4;3;Session1/sentences/wav/Ses01F_impro06/Ses01F_impro06_F007.wav
1;impro;F;sad;4;3;Session1/sentences/wav/Ses01F_impro06/Ses01F_impro06_F011.wav
1;impro;F;sad;4;3;Session1/sentences/wav/Ses01F_impro06/Ses01F_impro06_F014.wav
1;impro;F;sad;4;3;Session1/sentences/wav/Ses01F_impro06/Ses01F_impro06_F028.wav
1;impro;F;sad;4;3;Session1/sentences/wav/Ses01F_impro06/Ses01F_impro06_M000.wav
1;impro;M;sad;4;3;Session1/sentences/wav/Ses01M_impro02/Ses01M_impro02_F009.wav
1;impro;M;sad;4;3;Session1/sentences/wav/Ses01M_impro02/Ses01M_impro02_F010.wav
1;impro;M;sad;4;3;Session1/sentences/wav/Ses01M_impro02/Ses01M_impro02_F013.wav
1;impro;M;sad;4;3;Session1/sentences/wav/Ses01M_impro02/Ses01M_impro02_F015.wav
1;impro;M;sad;4;3;Session1/sentences/wav/Ses01M_impro02/Ses01M_impro02_F017.wav
1;impro;M;sad;4;3;Session1/sentences/wav/Ses01M_impro02/Ses01M_impro02_M001.wav
1;impro;M;sad;4;3;Session1/sentences/wav/Ses01M_impro02/Ses01M_impro02_M002.wav
1;impro;M;sad;4;3;Session1/sentences/wav/Ses01M_impro02/Ses01M_impro02_M003.wav
1;impro;M;sad;4;3;Session1/sentences/wav/Ses01M_impro02/Ses01M_impro02_M007.wav
1;impro;M;sad;4;3;Session1/sentences/wav/Ses01M_impro02/Ses01M_impro02_M015.wav
1;impro;M;sad;4;3;Session1/sentences/wav/Ses01M_impro02/Ses01M_impro02_M016.wav
1;impro;M;sad;4;3;Session1/sentences/wav/Ses01M_impro02/Ses01M_impro02_M017.wav
1;impro;M;sad;4;3;Session1/sentences/wav/Ses01M_impro02/Ses01M_impro02_M018.wav
1;impro;M;sad;4;3;Session1/sentences/wav/Ses01M_impro02/Ses01M_impro02_M019.wav
1;impro;M;sad;4;3;Session1/sentences/wav/Ses01M_impro02/Ses01M_impro02_M020.wav
1;impro;M;sad;4;3;Session1/sentences/wav/Ses01M_impro02/Ses01M_impro02_M021.wav
1;impro;M;sad;4;3;Session1/sentences/wav/Ses01M_impro02/Ses01M_impro02_M022.wav
1;impro;M;sad;4;3;Session1/sentences/wav/Ses01M_impro02/Ses01M_impro02_M023.wav
1;impro;M;sad;4;3;Session1/sentences/wav/Ses01M_impro02/Ses01M_impro02_M025.wav
1;script;M;sad;3;3;Session1/sentences/wav/Ses01M_script01_1/Ses01M_script01_1_F005.wav
1;script;M;sad;3;3;Session1/sentences/wav/Ses01M_script01_1/Ses01M_script01_1_F006.wav
1;script;M;sad;3;3;Session1/sentences/wav/Ses01M_script01_1/Ses01M_script01_1_M004.wav
1;script;M;sad;3;3;Session1/sentences/wav/Ses01M_script01_1/Ses01M_script01_1_M005.wav
1;script;M;sad;3;3;Session1/sentences/wav/Ses01M_script01_1/Ses01M_script01_1_M042.wav
1;script;M;sad;3;3;Session1/sentences/wav/Ses01M_script02_2/Ses01M_script02_2_F024.wav
1;script;M;sad;3;3;Session1/sentences/wav/Ses01M_script02_2/Ses01M_script02_2_F034.wav
1;script;M;sad;3;3;Session1/sentences/wav/Ses01M_script02_2/Ses01M_script02_2_F035.wav
1;script;M;sad;3;3;Session1/sentences/wav/Ses01M_script02_2/Ses01M_script02_2_F036.wav
1;script;M;sad;3;3;Session1/sentences/wav/Ses01M_script02_2/Ses01M_script02_2_F037.wav
1;script;M;sad;3;3;Session1/sentences/wav/Ses01M_script02_2/Ses01M_script02_2_M042.wav
1;script;M;sad;3;3;Session1/sentences/wav/Ses01M_script02_2/Ses01M_script02_2_M043.wav
1;script;M;sad;3;3;Session1/sentences/wav/Ses01M_script02_2/Ses01M_script02_2_M044.wav
1;script;F;sad;3;3;Session1/sentences/wav/Ses01F_script02_2/Ses01F_script02_2_F022.wav
1;script;F;sad;3;3;Session1/sentences/wav/Ses01F_script02_2/Ses01F_script02_2_F035.wav
1;script;F;sad;3;3;Session1/sentences/wav/Ses01F_script02_2/Ses01F_script02_2_M037.wav
1;script;F;sad;3;3;Session1/sentences/wav/Ses01F_script01_3/Ses01F_script01_3_M026.wav
1;script;F;sad;3;3;Session1/sentences/wav/Ses01F_script01_3/Ses01F_script01_3_M027.wav
1;script;F;sad;3;3;Session1/sentences/wav/Ses01F_script01_3/Ses01F_script01_3_M028.wav
1;script;F;sad;3;3;Session1/sentences/wav/Ses01F_script01_3/Ses01F_script01_3_M029.wav
1;script;F;sad;3;3;Session1/sentences/wav/Ses01F_script01_3/Ses01F_script01_3_M030.wav
1;script;F;sad;3;3;Session1/sentences/wav/Ses01F_script01_3/Ses01F_script01_3_M032.wav
1;script;F;sad;3;3;Session1/sentences/wav/Ses01F_script01_3/Ses01F_script01_3_M036.wav
1;script;M;sad;3;3;Session1/sentences/wav/Ses01M_script01_3/Ses01M_script01_3_F006.wav
1;script;M;sad;3;3;Session1/sentences/wav/Ses01M_script01_3/Ses01M_script01_3_F025.wav
1;script;M;sad;3;3;Session1/sentences/wav/Ses01M_script01_3/Ses01M_script01_3_M020.wav
1;script;M;sad;3;3;Session1/sentences/wav/Ses01M_script01_3/Ses01M_script01_3_M021.wav
1;script;M;sad;3;3;Session1/sentences/wav/Ses01M_script01_3/Ses01M_script01_3_M026.wav
1;script;M;sad;3;3;Session1/sentences/wav/Ses01M_script01_3/Ses01M_script01_3_M027.wav
1;script;M;sad;3;3;Session1/sentences/wav/Ses01M_script01_3/Ses01M_script01_3_M028.wav
1;script;M;sad;3;3;Session1/sentences/wav/Ses01M_script01_3/Ses01M_script01_3_M029.wav
1;script;M;sad;3;3;Session1/sentences/wav/Ses01M_script01_3/Ses01M_script01_3_M031.wav
1;script;M;sad;3;3;Session1/sentences/wav/Ses01M_script01_3/Ses01M_script01_3_M032.wav
1;script;M;sad;3;3;Session1/sentences/wav/Ses01M_script01_3/Ses01M_script01_3_M033.wav
1;script;M;sad;3;3;Session1/sentences/wav/Ses01M_script01_3/Ses01M_script01_3_M034.wav
1;script;M;sad;3;3;Session1/sentences/wav/Ses01M_script01_3/Ses01M_script01_3_M035.wav
1;script;M;sad;3;3;Session1/sentences/wav/Ses01M_script01_3/Ses01M_script01_3_M036.wav
1;script;M;sad;3;3;Session1/sentences/wav/Ses01M_script01_3/Ses01M_script01_3_M037.wav
1;script;M;sad;3;3;Session1/sentences/wav/Ses01M_script01_3/Ses01M_script01_3_M038.wav
1;script;M;sad;3;3;Session1/sentences/wav/Ses01M_script01_3/Ses01M_script01_3_M039.wav
1;script;M;sad;3;3;Session1/sentences/wav/Ses01M_script01_3/Ses01M_script01_3_M040.wav
1;impro;M;sad;4;4;Session1/sentences/wav/Ses01M_impro06/Ses01M_impro06_M002.wav
1;impro;M;sad;4;4;Session1/sentences/wav/Ses01M_impro06/Ses01M_impro06_M003.wav
1;impro;M;sad;4;4;Session1/sentences/wav/Ses01M_impro06/Ses01M_impro06_M004.wav
1;impro;M;sad;4;4;Session1/sentences/wav/Ses01M_impro06/Ses01M_impro06_M005.wav
1;impro;M;sad;4;4;Session1/sentences/wav/Ses01M_impro06/Ses01M_impro06_M006.wav
1;impro;M;sad;4;4;Session1/sentences/wav/Ses01M_impro06/Ses01M_impro06_M007.wav
1;impro;M;sad;4;4;Session1/sentences/wav/Ses01M_impro06/Ses01M_impro06_M008.wav
1;impro;M;sad;4;4;Session1/sentences/wav/Ses01M_impro06/Ses01M_impro06_M009.wav
1;impro;M;sad;4;4;Session1/sentences/wav/Ses01M_impro06/Ses01M_impro06_M010.wav
1;impro;M;sad;4;4;Session1/sentences/wav/Ses01M_impro06/Ses01M_impro06_M011.wav
1;impro;M;sad;4;4;Session1/sentences/wav/Ses01M_impro06/Ses01M_impro06_M012.wav
1;impro;M;sad;4;4;Session1/sentences/wav/Ses01M_impro06/Ses01M_impro06_M013.wav
1;impro;M;sad;4;4;Session1/sentences/wav/Ses01M_impro06/Ses01M_impro06_M014.wav
1;impro;M;sad;4;4;Session1/sentences/wav/Ses01M_impro06/Ses01M_impro06_M015.wav
1;impro;M;sad;4;4;Session1/sentences/wav/Ses01M_impro06/Ses01M_impro06_M016.wav
1;impro;M;sad;4;4;Session1/sentences/wav/Ses01M_impro06/Ses01M_impro06_M017.wav
1;impro;M;sad;4;4;Session1/sentences/wav/Ses01M_impro06/Ses01M_impro06_M018.wav
1;impro;M;sad;4;4;Session1/sentences/wav/Ses01M_impro06/Ses01M_impro06_M019.wav
1;impro;M;sad;4;4;Session1/sentences/wav/Ses01M_impro06/Ses01M_impro06_M020.wav
1;impro;M;sad;4;4;Session1/sentences/wav/Ses01M_impro06/Ses01M_impro06_M021.wav
1;impro;M;sad;4;4;Session1/sentences/wav/Ses01M_impro06/Ses01M_impro06_M022.wav
1;impro;M;sad;4;4;Session1/sentences/wav/Ses01M_impro06/Ses01M_impro06_M023.wav
1;impro;M;sad;4;4;Session1/sentences/wav/Ses01M_impro06/Ses01M_impro06_M024.wav
1;impro;M;sad;4;4;Session1/sentences/wav/Ses01M_impro06/Ses01M_impro06_M025.wav
1;impro;M;sad;4;4;Session1/sentences/wav/Ses01M_impro06/Ses01M_impro06_M026.wav
1;impro;M;sad;4;4;Session1/sentences/wav/Ses01M_impro06/Ses01M_impro06_M027.wav
1;impro;M;sad;4;4;Session1/sentences/wav/Ses01M_impro06/Ses01M_impro06_M028.wav
1;impro;M;sad;4;4;Session1/sentences/wav/Ses01M_impro06/Ses01M_impro06_M029.wav
1;impro;M;sad;4;4;Session1/sentences/wav/Ses01M_impro06/Ses01M_impro06_M030.wav
1;impro;F;sad;4;4;Session1/sentences/wav/Ses01F_impro02/Ses01F_impro02_F013.wav
1;impro;F;sad;4;4;Session1/sentences/wav/Ses01F_impro02/Ses01F_impro02_F014.wav
1;impro;F;sad;4;4;Session1/sentences/wav/Ses01F_impro02/Ses01F_impro02_F015.wav
1;impro;F;sad;4;4;Session1/sentences/wav/Ses01F_impro02/Ses01F_impro02_F017.wav
1;impro;F;sad;4;4;Session1/sentences/wav/Ses01F_impro02/Ses01F_impro02_F019.wav
1;impro;F;sad;4;4;Session1/sentences/wav/Ses01F_impro02/Ses01F_impro02_F020.wav
1;impro;F;sad;4;4;Session1/sentences/wav/Ses01F_impro02/Ses01F_impro02_M013.wav
1;impro;F;sad;4;4;Session1/sentences/wav/Ses01F_impro06/Ses01F_impro06_F005.wav
1;impro;F;sad;4;4;Session1/sentences/wav/Ses01F_impro06/Ses01F_impro06_F008.wav
1;impro;F;sad;4;4;Session1/sentences/wav/Ses01F_impro06/Ses01F_impro06_F013.wav
1;impro;F;sad;4;4;Session1/sentences/wav/Ses01F_impro06/Ses01F_impro06_F015.wav
1;impro;F;sad;4;4;Session1/sentences/wav/Ses01F_impro06/Ses01F_impro06_F020.wav
1;impro;F;sad;4;4;Session1/sentences/wav/Ses01F_impro06/Ses01F_impro06_F021.wav
1;impro;F;sad;4;4;Session1/sentences/wav/Ses01F_impro06/Ses01F_impro06_F022.wav
1;impro;F;sad;4;4;Session1/sentences/wav/Ses01F_impro06/Ses01F_impro06_F023.wav
1;impro;F;sad;4;4;Session1/sentences/wav/Ses01F_impro06/Ses01F_impro06_F024.wav
1;impro;F;sad;4;4;Session1/sentences/wav/Ses01F_impro06/Ses01F_impro06_F025.wav
1;impro;F;sad;4;4;Session1/sentences/wav/Ses01F_impro06/Ses01F_impro06_F026.wav
1;impro;M;sad;4;4;Session1/sentences/wav/Ses01M_impro02/Ses01M_impro02_F019.wav
1;impro;M;sad;4;4;Session1/sentences/wav/Ses01M_impro02/Ses01M_impro02_M009.wav
1;impro;M;sad;4;4;Session1/sentences/wav/Ses01M_impro02/Ses01M_impro02_M010.wav
1;impro;M;sad;4;4;Session1/sentences/wav/Ses01M_impro02/Ses01M_impro02_M011.wav
1;impro;M;sad;4;4;Session1/sentences/wav/Ses01M_impro02/Ses01M_impro02_M012.wav
1;impro;M;sad;4;4;Session1/sentences/wav/Ses01M_impro02/Ses01M_impro02_M013.wav
1;impro;M;sad;4;4;Session1/sentences/wav/Ses01M_impro02/Ses01M_impro02_M014.wav
2;impro;M;sad;4;2;Session2/sentences/wav/Ses02M_impro02/Ses02M_impro02_F009.wav
2;impro;M;sad;4;2;Session2/sentences/wav/Ses02M_impro06/Ses02M_impro06_F002.wav
2;impro;M;sad;4;2;Session2/sentences/wav/Ses02M_impro06/Ses02M_impro06_F007.wav
2;impro;M;sad;4;2;Session2/sentences/wav/Ses02M_impro06/Ses02M_impro06_F011.wav
2;impro;M;sad;4;2;Session2/sentences/wav/Ses02M_impro06/Ses02M_impro06_F013.wav
2;impro;M;sad;4;2;Session2/sentences/wav/Ses02M_impro06/Ses02M_impro06_F015.wav
2;impro;M;sad;4;2;Session2/sentences/wav/Ses02M_impro06/Ses02M_impro06_F016.wav
2;impro;M;sad;4;2;Session2/sentences/wav/Ses02M_impro06/Ses02M_impro06_F017.wav
2;impro;F;sad;4;2;Session2/sentences/wav/Ses02F_impro04/Ses02F_impro04_F009.wav
2;impro;F;sad;4;2;Session2/sentences/wav/Ses02F_impro02/Ses02F_impro02_F002.wav
2;impro;F;sad;4;2;Session2/sentences/wav/Ses02F_impro02/Ses02F_impro02_F005.wav
2;impro;F;sad;4;2;Session2/sentences/wav/Ses02F_impro02/Ses02F_impro02_F010.wav
2;impro;M;sad;3;2;Session2/sentences/wav/Ses02M_impro04/Ses02M_impro04_M014.wav
2;impro;M;sad;3;2;Session2/sentences/wav/Ses02M_impro04/Ses02M_impro04_M022.wav
2;impro;M;sad;3;2;Session2/sentences/wav/Ses02M_impro02/Ses02M_impro02_M002.wav
2;impro;M;sad;3;2;Session2/sentences/wav/Ses02M_impro02/Ses02M_impro02_M007.wav
2;impro;M;sad;3;2;Session2/sentences/wav/Ses02M_impro02/Ses02M_impro02_M008.wav
2;impro;M;sad;3;2;Session2/sentences/wav/Ses02M_impro02/Ses02M_impro02_M009.wav
2;impro;M;sad;3;2;Session2/sentences/wav/Ses02M_impro02/Ses02M_impro02_M013.wav
2;impro;M;sad;3;2;Session2/sentences/wav/Ses02M_impro02/Ses02M_impro02_M017.wav
2;impro;M;sad;3;2;Session2/sentences/wav/Ses02M_impro02/Ses02M_impro02_M018.wav
2;impro;M;sad;3;2;Session2/sentences/wav/Ses02M_impro06/Ses02M_impro06_M013.wav
2;script;F;sad;3;2;Session2/sentences/wav/Ses02F_script01_1/Ses02F_script01_1_F004.wav
2;script;F;sad;3;2;Session2/sentences/wav/Ses02F_script01_1/Ses02F_script01_1_F005.wav
2;script;F;sad;3;2;Session2/sentences/wav/Ses02F_script01_1/Ses02F_script01_1_F006.wav
2;script;F;sad;3;2;Session2/sentences/wav/Ses02F_script01_1/Ses02F_script01_1_F017.wav
2;script;F;sad;3;2;Session2/sentences/wav/Ses02F_script01_1/Ses02F_script01_1_F028.wav
2;script;F;sad;3;2;Session2/sentences/wav/Ses02F_script01_1/Ses02F_script01_1_F044.wav
2;script;F;sad;3;2;Session2/sentences/wav/Ses02F_script01_1/Ses02F_script01_1_M027.wav
2;script;F;sad;3;2;Session2/sentences/wav/Ses02F_script01_3/Ses02F_script01_3_F009.wav
2;script;F;sad;3;2;Session2/sentences/wav/Ses02F_script01_3/Ses02F_script01_3_F020.wav
2;script;F;sad;3;2;Session2/sentences/wav/Ses02F_script01_3/Ses02F_script01_3_F021.wav
2;script;F;sad;3;2;Session2/sentences/wav/Ses02F_script01_3/Ses02F_script01_3_F022.wav
2;script;F;sad;3;2;Session2/sentences/wav/Ses02F_script01_3/Ses02F_script01_3_F023.wav
2;script;F;sad;3;2;Session2/sentences/wav/Ses02F_script01_3/Ses02F_script01_3_F024.wav
2;script;F;sad;3;2;Session2/sentences/wav/Ses02F_script01_3/Ses02F_script01_3_F026.wav
2;script;F;sad;3;2;Session2/sentences/wav/Ses02F_script01_3/Ses02F_script01_3_M030.wav
2;script;F;sad;3;2;Session2/sentences/wav/Ses02F_script01_3/Ses02F_script01_3_M031.wav
2;script;F;sad;3;2;Session2/sentences/wav/Ses02F_script01_3/Ses02F_script01_3_M032.wav
2;script;M;sad;3;2;Session2/sentences/wav/Ses02M_script02_1/Ses02M_script02_1_F016.wav
2;script;F;sad;3;2;Session2/sentences/wav/Ses02F_script02_2/Ses02F_script02_2_F016.wav
2;script;F;sad;3;2;Session2/sentences/wav/Ses02F_script02_2/Ses02F_script02_2_F017.wav
2;script;F;sad;3;2;Session2/sentences/wav/Ses02F_script02_2/Ses02F_script02_2_F018.wav
2;script;F;sad;3;2;Session2/sentences/wav/Ses02F_script02_2/Ses02F_script02_2_F019.wav
2;script;F;sad;3;2;Session2/sentences/wav/Ses02F_script02_2/Ses02F_script02_2_F021.wav
2;script;F;sad;3;2;Session2/sentences/wav/Ses02F_script02_2/Ses02F_script02_2_F022.wav
2;script;F;sad;3;2;Session2/sentences/wav/Ses02F_script02_2/Ses02F_script02_2_F024.wav
2;script;F;sad;3;2;Session2/sentences/wav/Ses02F_script02_2/Ses02F_script02_2_F031.wav
2;script;F;sad;3;2;Session2/sentences/wav/Ses02F_script02_2/Ses02F_script02_2_F034.wav
2;script;F;sad;3;2;Session2/sentences/wav/Ses02F_script02_2/Ses02F_script02_2_F035.wav
2;script;F;sad;3;2;Session2/sentences/wav/Ses02F_script02_2/Ses02F_script02_2_F038.wav
2;script;F;sad;3;2;Session2/sentences/wav/Ses02F_script02_2/Ses02F_script02_2_F044.wav
2;script;F;sad;3;2;Session2/sentences/wav/Ses02F_script02_2/Ses02F_script02_2_M031.wav
2;script;F;sad;3;2;Session2/sentences/wav/Ses02F_script02_2/Ses02F_script02_2_M035.wav
2;script;F;sad;3;2;Session2/sentences/wav/Ses02F_script02_2/Ses02F_script02_2_M036.wav
2;impro;F;sad;3;2;Session2/sentences/wav/Ses02F_impro02/Ses02F_impro02_M007.wav
2;script;M;sad;3;2;Session2/sentences/wav/Ses02M_script01_3/Ses02M_script01_3_F019.wav
2;script;M;sad;3;2;Session2/sentences/wav/Ses02M_script01_3/Ses02M_script01_3_F021.wav
2;script;M;sad;3;2;Session2/sentences/wav/Ses02M_script01_3/Ses02M_script01_3_F025.wav
2;script;M;sad;3;2;Session2/sentences/wav/Ses02M_script01_3/Ses02M_script01_3_F026.wav
2;script;M;sad;3;2;Session2/sentences/wav/Ses02M_script01_3/Ses02M_script01_3_F027.wav
2;script;M;sad;3;2;Session2/sentences/wav/Ses02M_script01_3/Ses02M_script01_3_M020.wav
2;script;M;sad;3;2;Session2/sentences/wav/Ses02M_script01_3/Ses02M_script01_3_M025.wav
2;script;M;sad;3;2;Session2/sentences/wav/Ses02M_script01_3/Ses02M_script01_3_M026.wav
2;script;M;sad;3;2;Session2/sentences/wav/Ses02M_script01_3/Ses02M_script01_3_M027.wav
2;script;M;sad;3;2;Session2/sentences/wav/Ses02M_script01_3/Ses02M_script01_3_M028.wav
2;script;M;sad;3;2;Session2/sentences/wav/Ses02M_script01_3/Ses02M_script01_3_M029.wav
2;script;M;sad;3;2;Session2/sentences/wav/Ses02M_script01_3/Ses02M_script01_3_M030.wav
2;script;M;sad;3;2;Session2/sentences/wav/Ses02M_script01_3/Ses02M_script01_3_M032.wav
2;script;M;sad;3;2;Session2/sentences/wav/Ses02M_script01_3/Ses02M_script01_3_M033.wav
2;script;M;sad;3;2;Session2/sentences/wav/Ses02M_script01_3/Ses02M_script01_3_M034.wav
2;script;M;sad;3;2;Session2/sentences/wav/Ses02M_script01_3/Ses02M_script01_3_M035.wav
2;script;M;sad;3;2;Session2/sentences/wav/Ses02M_script01_1/Ses02M_script01_1_F041.wav
2;script;M;sad;3;2;Session2/sentences/wav/Ses02M_script01_1/Ses02M_script01_1_M003.wav
2;script;M;sad;3;2;Session2/sentences/wav/Ses02M_script01_1/Ses02M_script01_1_M004.wav
2;script;M;sad;3;2;Session2/sentences/wav/Ses02M_script01_1/Ses02M_script01_1_M005.wav
2;script;M;sad;3;2;Session2/sentences/wav/Ses02M_script01_1/Ses02M_script01_1_M028.wav
2;script;M;sad;3;2;Session2/sentences/wav/Ses02M_script01_1/Ses02M_script01_1_M035.wav
2;script;M;sad;3;2;Session2/sentences/wav/Ses02M_script01_1/Ses02M_script01_1_M036.wav
2;script;M;sad;3;2;Session2/sentences/wav/Ses02M_script01_1/Ses02M_script01_1_M041.wav
2;script;M;sad;3;2;Session2/sentences/wav/Ses02M_script02_2/Ses02M_script02_2_F017.wav
2;script;M;sad;3;2;Session2/sentences/wav/Ses02M_script02_2/Ses02M_script02_2_F018.wav
2;script;M;sad;3;2;Session2/sentences/wav/Ses02M_script02_2/Ses02M_script02_2_F019.wav
2;script;M;sad;3;2;Session2/sentences/wav/Ses02M_script02_2/Ses02M_script02_2_F020.wav
2;script;M;sad;3;2;Session2/sentences/wav/Ses02M_script02_2/Ses02M_script02_2_F021.wav
2;script;M;sad;3;2;Session2/sentences/wav/Ses02M_script02_2/Ses02M_script02_2_F022.wav
2;script;M;sad;3;2;Session2/sentences/wav/Ses02M_script02_2/Ses02M_script02_2_F031.wav
2;script;M;sad;3;2;Session2/sentences/wav/Ses02M_script02_2/Ses02M_script02_2_F034.wav
2;script;M;sad;3;2;Session2/sentences/wav/Ses02M_script02_2/Ses02M_script02_2_F038.wav
2;script;M;sad;3;2;Session2/sentences/wav/Ses02M_script02_2/Ses02M_script02_2_F044.wav
2;script;M;sad;3;2;Session2/sentences/wav/Ses02M_script02_2/Ses02M_script02_2_M035.wav
2;script;M;sad;3;2;Session2/sentences/wav/Ses02M_script03_1/Ses02M_script03_1_F015.wav
2;script;M;sad;3;2;Session2/sentences/wav/Ses02M_script03_1/Ses02M_script03_1_M009.wav
2;script;M;sad;3;2;Session2/sentences/wav/Ses02M_script03_1/Ses02M_script03_1_M016.wav
2;impro;M;sad;4;3;Session2/sentences/wav/Ses02M_impro04/Ses02M_impro04_F009.wav
2;impro;M;sad;4;3;Session2/sentences/wav/Ses02M_impro02/Ses02M_impro02_F003.wav
2;impro;M;sad;4;3;Session2/sentences/wav/Ses02M_impro02/Ses02M_impro02_F005.wav
2;impro;M;sad;4;3;Session2/sentences/wav/Ses02M_impro02/Ses02M_impro02_F008.wav
2;impro;M;sad;4;3;Session2/sentences/wav/Ses02M_impro02/Ses02M_impro02_F010.wav
2;impro;M;sad;4;3;Session2/sentences/wav/Ses02M_impro02/Ses02M_impro02_F013.wav
2;impro;M;sad;4;3;Session2/sentences/wav/Ses02M_impro02/Ses02M_impro02_F014.wav
2;impro;M;sad;4;3;Session2/sentences/wav/Ses02M_impro06/Ses02M_impro06_F005.wav
2;impro;M;sad;4;3;Session2/sentences/wav/Ses02M_impro06/Ses02M_impro06_F006.wav
2;impro;M;sad;4;3;Session2/sentences/wav/Ses02M_impro06/Ses02M_impro06_F008.wav
2;impro;M;sad;4;3;Session2/sentences/wav/Ses02M_impro06/Ses02M_impro06_F009.wav
2;impro;M;sad;4;3;Session2/sentences/wav/Ses02M_impro06/Ses02M_impro06_F010.wav
2;impro;M;sad;4;3;Session2/sentences/wav/Ses02M_impro06/Ses02M_impro06_F012.wav
2;impro;M;sad;4;3;Session2/sentences/wav/Ses02M_impro06/Ses02M_impro06_F014.wav
2;impro;M;sad;4;3;Session2/sentences/wav/Ses02M_impro06/Ses02M_impro06_F018.wav
2;impro;F;sad;4;3;Session2/sentences/wav/Ses02F_impro04/Ses02F_impro04_F016.wav
2;impro;F;sad;4;3;Session2/sentences/wav/Ses02F_impro02/Ses02F_impro02_F000.wav
2;impro;F;sad;4;3;Session2/sentences/wav/Ses02F_impro02/Ses02F_impro02_F003.wav
2;impro;F;sad;4;3;Session2/sentences/wav/Ses02F_impro02/Ses02F_impro02_F004.wav
2;impro;F;sad;4;3;Session2/sentences/wav/Ses02F_impro02/Ses02F_impro02_F006.wav
2;impro;F;sad;4;3;Session2/sentences/wav/Ses02F_impro02/Ses02F_impro02_F009.wav
2;impro;F;sad;4;3;Session2/sentences/wav/Ses02F_impro02/Ses02F_impro02_F011.wav
2;impro;F;sad;4;3;Session2/sentences/wav/Ses02F_impro02/Ses02F_impro02_F012.wav
2;impro;F;sad;4;3;Session2/sentences/wav/Ses02F_impro06/Ses02F_impro06_F014.wav
2;impro;M;sad;3;3;Session2/sentences/wav/Ses02M_impro02/Ses02M_impro02_M000.wav
2;impro;M;sad;3;3;Session2/sentences/wav/Ses02M_impro02/Ses02M_impro02_M001.wav
2;impro;M;sad;3;3;Session2/sentences/wav/Ses02M_impro06/Ses02M_impro06_M000.wav
2;impro;M;sad;3;3;Session2/sentences/wav/Ses02M_impro06/Ses02M_impro06_M001.wav
2;impro;M;sad;3;3;Session2/sentences/wav/Ses02M_impro06/Ses02M_impro06_M002.wav
2;impro;M;sad;3;3;Session2/sentences/wav/Ses02M_impro06/Ses02M_impro06_M003.wav
2;impro;M;sad;3;3;Session2/sentences/wav/Ses02M_impro06/Ses02M_impro06_M004.wav
2;impro;M;sad;3;3;Session2/sentences/wav/Ses02M_impro06/Ses02M_impro06_M005.wav
2;impro;M;sad;3;3;Session2/sentences/wav/Ses02M_impro06/Ses02M_impro06_M006.wav
2;impro;M;sad;3;3;Session2/sentences/wav/Ses02M_impro06/Ses02M_impro06_M007.wav
2;impro;M;sad;3;3;Session2/sentences/wav/Ses02M_impro06/Ses02M_impro06_M008.wav
2;impro;M;sad;3;3;Session2/sentences/wav/Ses02M_impro06/Ses02M_impro06_M009.wav
2;impro;M;sad;3;3;Session2/sentences/wav/Ses02M_impro06/Ses02M_impro06_M010.wav
2;impro;M;sad;3;3;Session2/sentences/wav/Ses02M_impro06/Ses02M_impro06_M011.wav
2;impro;M;sad;3;3;Session2/sentences/wav/Ses02M_impro06/Ses02M_impro06_M012.wav
2;impro;M;sad;3;3;Session2/sentences/wav/Ses02M_impro06/Ses02M_impro06_M014.wav
2;impro;M;sad;3;3;Session2/sentences/wav/Ses02M_impro06/Ses02M_impro06_M015.wav
2;impro;M;sad;3;3;Session2/sentences/wav/Ses02M_impro06/Ses02M_impro06_M016.wav
2;impro;M;sad;3;3;Session2/sentences/wav/Ses02M_impro06/Ses02M_impro06_M017.wav
2;impro;M;sad;3;3;Session2/sentences/wav/Ses02M_impro06/Ses02M_impro06_M018.wav
2;impro;M;sad;3;3;Session2/sentences/wav/Ses02M_impro06/Ses02M_impro06_M019.wav
2;impro;M;sad;3;3;Session2/sentences/wav/Ses02M_impro06/Ses02M_impro06_M020.wav
2;impro;M;sad;3;3;Session2/sentences/wav/Ses02M_impro06/Ses02M_impro06_M021.wav
2;impro;M;sad;3;3;Session2/sentences/wav/Ses02M_impro06/Ses02M_impro06_M022.wav
2;impro;M;sad;3;3;Session2/sentences/wav/Ses02M_impro06/Ses02M_impro06_M023.wav
2;script;M;sad;3;3;Session2/sentences/wav/Ses02M_script01_2/Ses02M_script01_2_F013.wav
2;script;F;sad;3;3;Session2/sentences/wav/Ses02F_script01_3/Ses02F_script01_3_F025.wav
2;script;F;sad;3;3;Session2/sentences/wav/Ses02F_script01_3/Ses02F_script01_3_M020.wav
2;script;F;sad;3;3;Session2/sentences/wav/Ses02F_script01_3/Ses02F_script01_3_M021.wav
2;script;F;sad;3;3;Session2/sentences/wav/Ses02F_script01_3/Ses02F_script01_3_M022.wav
2;script;F;sad;3;3;Session2/sentences/wav/Ses02F_script01_3/Ses02F_script01_3_M023.wav
2;script;F;sad;3;3;Session2/sentences/wav/Ses02F_script01_3/Ses02F_script01_3_M024.wav
2;script;F;sad;3;3;Session2/sentences/wav/Ses02F_script01_3/Ses02F_script01_3_M025.wav
2;script;F;sad;3;3;Session2/sentences/wav/Ses02F_script01_3/Ses02F_script01_3_M026.wav
2;script;F;sad;3;3;Session2/sentences/wav/Ses02F_script01_3/Ses02F_script01_3_M027.wav
2;script;F;sad;3;3;Session2/sentences/wav/Ses02F_script01_3/Ses02F_script01_3_M028.wav
2;script;F;sad;3;3;Session2/sentences/wav/Ses02F_script01_3/Ses02F_script01_3_M029.wav
2;script;F;sad;3;3;Session2/sentences/wav/Ses02F_script01_3/Ses02F_script01_3_M033.wav
2;script;F;sad;3;3;Session2/sentences/wav/Ses02F_script01_3/Ses02F_script01_3_M034.wav
2;script;F;sad;3;3;Session2/sentences/wav/Ses02F_script02_2/Ses02F_script02_2_F015.wav
2;script;F;sad;3;3;Session2/sentences/wav/Ses02F_script02_2/Ses02F_script02_2_F020.wav
2;script;F;sad;3;3;Session2/sentences/wav/Ses02F_script02_2/Ses02F_script02_2_F033.wav
2;script;F;sad;3;3;Session2/sentences/wav/Ses02F_script02_2/Ses02F_script02_2_M037.wav
2;script;F;sad;3;3;Session2/sentences/wav/Ses02F_script02_2/Ses02F_script02_2_M038.wav
2;impro;F;sad;3;3;Session2/sentences/wav/Ses02F_impro02/Ses02F_impro02_M012.wav
2;script;M;sad;3;3;Session2/sentences/wav/Ses02M_script01_3/Ses02M_script01_3_M021.wav
2;script;M;sad;3;3;Session2/sentences/wav/Ses02M_script01_3/Ses02M_script01_3_M022.wav
2;script;M;sad;3;3;Session2/sentences/wav/Ses02M_script01_3/Ses02M_script01_3_M031.wav
2;script;M;sad;3;3;Session2/sentences/wav/Ses02M_script02_2/Ses02M_script02_2_F015.wav
2;script;M;sad;3;3;Session2/sentences/wav/Ses02M_script02_2/Ses02M_script02_2_F016.wav
2;script;M;sad;3;3;Session2/sentences/wav/Ses02M_script02_2/Ses02M_script02_2_M037.wav
2;script;M;sad;3;3;Session2/sentences/wav/Ses02M_script02_2/Ses02M_script02_2_M038.wav
2;impro;M;sad;4;4;Session2/sentences/wav/Ses02M_impro02/Ses02M_impro02_F000.wav
2;impro;M;sad;4;4;Session2/sentences/wav/Ses02M_impro02/Ses02M_impro02_F001.wav
2;impro;M;sad;4;4;Session2/sentences/wav/Ses02M_impro02/Ses02M_impro02_F002.wav
2;impro;M;sad;4;4;Session2/sentences/wav/Ses02M_impro02/Ses02M_impro02_F004.wav
2;impro;M;sad;4;4;Session2/sentences/wav/Ses02M_impro02/Ses02M_impro02_F006.wav
2;impro;M;sad;4;4;Session2/sentences/wav/Ses02M_impro02/Ses02M_impro02_F007.wav
2;impro;M;sad;4;4;Session2/sentences/wav/Ses02M_impro02/Ses02M_impro02_F012.wav
2;impro;M;sad;4;4;Session2/sentences/wav/Ses02M_impro06/Ses02M_impro06_F003.wav
2;impro;M;sad;4;4;Session2/sentences/wav/Ses02M_impro06/Ses02M_impro06_F004.wav
2;impro;F;sad;4;4;Session2/sentences/wav/Ses02F_impro02/Ses02F_impro02_F001.wav
2;impro;F;sad;4;4;Session2/sentences/wav/Ses02F_impro02/Ses02F_impro02_F007.wav
2;impro;F;sad;4;4;Session2/sentences/wav/Ses02F_impro02/Ses02F_impro02_F008.wav
2;impro;F;sad;4;4;Session2/sentences/wav/Ses02F_impro02/Ses02F_impro02_F013.wav
2;impro;F;sad;4;4;Session2/sentences/wav/Ses02F_impro06/Ses02F_impro06_F000.wav
2;impro;F;sad;4;4;Session2/sentences/wav/Ses02F_impro06/Ses02F_impro06_F001.wav
2;impro;F;sad;4;4;Session2/sentences/wav/Ses02F_impro06/Ses02F_impro06_F002.wav
2;impro;F;sad;4;4;Session2/sentences/wav/Ses02F_impro06/Ses02F_impro06_F003.wav
2;impro;F;sad;4;4;Session2/sentences/wav/Ses02F_impro06/Ses02F_impro06_F004.wav
2;impro;F;sad;4;4;Session2/sentences/wav/Ses02F_impro06/Ses02F_impro06_F005.wav
2;impro;F;sad;4;4;Session2/sentences/wav/Ses02F_impro06/Ses02F_impro06_F006.wav
2;impro;F;sad;4;4;Session2/sentences/wav/Ses02F_impro06/Ses02F_impro06_F007.wav
2;impro;F;sad;4;4;Session2/sentences/wav/Ses02F_impro06/Ses02F_impro06_F008.wav
2;impro;F;sad;4;4;Session2/sentences/wav/Ses02F_impro06/Ses02F_impro06_F009.wav
2;impro;F;sad;4;4;Session2/sentences/wav/Ses02F_impro06/Ses02F_impro06_F010.wav
2;impro;F;sad;4;4;Session2/sentences/wav/Ses02F_impro06/Ses02F_impro06_F011.wav
2;impro;F;sad;4;4;Session2/sentences/wav/Ses02F_impro06/Ses02F_impro06_F012.wav
2;impro;F;sad;4;4;Session2/sentences/wav/Ses02F_impro06/Ses02F_impro06_F013.wav
3;impro;M;sad;4;2;Session3/sentences/wav/Ses03M_impro02/Ses03M_impro02_F025.wav
3;impro;M;sad;4;2;Session3/sentences/wav/Ses03M_impro02/Ses03M_impro02_F027.wav
3;impro;M;sad;4;2;Session3/sentences/wav/Ses03M_impro02/Ses03M_impro02_F028.wav
3;impro;M;sad;4;2;Session3/sentences/wav/Ses03M_impro02/Ses03M_impro02_F034.wav
3;impro;M;sad;4;2;Session3/sentences/wav/Ses03M_impro02/Ses03M_impro02_M000.wav
3;impro;M;sad;4;2;Session3/sentences/wav/Ses03M_impro02/Ses03M_impro02_M012.wav
3;impro;M;sad;4;2;Session3/sentences/wav/Ses03M_impro02/Ses03M_impro02_M016.wav
3;impro;M;sad;4;2;Session3/sentences/wav/Ses03M_impro02/Ses03M_impro02_M019.wav
3;impro;M;sad;4;2;Session3/sentences/wav/Ses03M_impro06/Ses03M_impro06_F000.wav
3;impro;M;sad;4;2;Session3/sentences/wav/Ses03M_impro06/Ses03M_impro06_F001.wav
3;impro;M;sad;4;2;Session3/sentences/wav/Ses03M_impro06/Ses03M_impro06_F007.wav
3;impro;M;sad;4;2;Session3/sentences/wav/Ses03M_impro06/Ses03M_impro06_F009.wav
3;impro;M;sad;4;2;Session3/sentences/wav/Ses03M_impro06/Ses03M_impro06_F011.wav
3;impro;M;sad;4;2;Session3/sentences/wav/Ses03M_impro06/Ses03M_impro06_F012.wav
3;impro;M;sad;4;2;Session3/sentences/wav/Ses03M_impro06/Ses03M_impro06_F013.wav
3;impro;M;sad;4;2;Session3/sentences/wav/Ses03M_impro06/Ses03M_impro06_F014.wav
3;impro;M;sad;4;2;Session3/sentences/wav/Ses03M_impro06/Ses03M_impro06_F015.wav
3;impro;M;sad;4;2;Session3/sentences/wav/Ses03M_impro06/Ses03M_impro06_F016.wav
3;impro;M;sad;4;2;Session3/sentences/wav/Ses03M_impro06/Ses03M_impro06_F017.wav
3;impro;M;sad;4;2;Session3/sentences/wav/Ses03M_impro06/Ses03M_impro06_F018.wav
3;impro;M;sad;4;2;Session3/sentences/wav/Ses03M_impro06/Ses03M_impro06_F019.wav
3;impro;M;sad;4;2;Session3/sentences/wav/Ses03M_impro06/Ses03M_impro06_M021.wav
3;impro;M;sad;4;2;Session3/sentences/wav/Ses03M_impro06/Ses03M_impro06_M024.wav
3;impro;M;sad;4;2;Session3/sentences/wav/Ses03M_impro06/Ses03M_impro06_M025.wav
3;impro;M;sad;4;2;Session3/sentences/wav/Ses03M_impro06/Ses03M_impro06_M028.wav
3;impro;F;sad;4;2;Session3/sentences/wav/Ses03F_impro02/Ses03F_impro02_F011.wav
3;impro;F;sad;4;2;Session3/sentences/wav/Ses03F_impro02/Ses03F_impro02_F012.wav
3;impro;F;sad;4;2;Session3/sentences/wav/Ses03F_impro02/Ses03F_impro02_F015.wav
3;impro;F;sad;4;2;Session3/sentences/wav/Ses03F_impro02/Ses03F_impro02_F018.wav
3;impro;F;sad;4;2;Session3/sentences/wav/Ses03F_impro02/Ses03F_impro02_F019.wav
3;impro;F;sad;4;2;Session3/sentences/wav/Ses03F_impro02/Ses03F_impro02_F023.wav
3;impro;F;sad;4;2;Session3/sentences/wav/Ses03F_impro02/Ses03F_impro02_F024.wav
3;impro;F;sad;4;2;Session3/sentences/wav/Ses03F_impro02/Ses03F_impro02_F028.wav
3;impro;F;sad;4;2;Session3/sentences/wav/Ses03F_impro02/Ses03F_impro02_F032.wav
3;impro;F;sad;4;2;Session3/sentences/wav/Ses03F_impro02/Ses03F_impro02_F034.wav
3;impro;F;sad;4;2;Session3/sentences/wav/Ses03F_impro02/Ses03F_impro02_F035.wav
3;impro;F;sad;4;2;Session3/sentences/wav/Ses03F_impro02/Ses03F_impro02_M014.wav
3;impro;F;sad;4;2;Session3/sentences/wav/Ses03F_impro02/Ses03F_impro02_M018.wav
3;impro;F;sad;4;2;Session3/sentences/wav/Ses03F_impro02/Ses03F_impro02_M021.wav
3;impro;F;sad;4;2;Session3/sentences/wav/Ses03F_impro02/Ses03F_impro02_M024.wav
3;impro;F;sad;4;2;Session3/sentences/wav/Ses03F_impro02/Ses03F_impro02_M028.wav
3;impro;F;sad;4;2;Session3/sentences/wav/Ses03F_impro02/Ses03F_impro02_M029.wav
3;impro;F;sad;4;2;Session3/sentences/wav/Ses03F_impro06/Ses03F_impro06_F027.wav
3;impro;F;sad;4;2;Session3/sentences/wav/Ses03F_impro06/Ses03F_impro06_F028.wav
3;impro;F;sad;4;2;Session3/sentences/wav/Ses03F_impro06/Ses03F_impro06_M004.wav
3;impro;F;sad;4;2;Session3/sentences/wav/Ses03F_impro06/Ses03F_impro06_M005.wav
3;impro;F;sad;4;2;Session3/sentences/wav/Ses03F_impro06/Ses03F_impro06_M006.wav
3;impro;F;sad;4;2;Session3/sentences/wav/Ses03F_impro06/Ses03F_impro06_M007.wav
3;impro;F;sad;4;2;Session3/sentences/wav/Ses03F_impro06/Ses03F_impro06_M008.wav
3;impro;F;sad;4;2;Session3/sentences/wav/Ses03F_impro06/Ses03F_impro06_M010.wav
3;impro;M;sad;4;2;Session3/sentences/wav/Ses03M_impro04/Ses03M_impro04_F007.wav
3;impro;M;sad;4;2;Session3/sentences/wav/Ses03M_impro04/Ses03M_impro04_F008.wav
3;impro;M;sad;4;2;Session3/sentences/wav/Ses03M_impro04/Ses03M_impro04_M031.wav
3;impro;F;sad;4;2;Session3/sentences/wav/Ses03F_impro04/Ses03F_impro04_F002.wav
3;impro;F;sad;4;2;Session3/sentences/wav/Ses03F_impro04/Ses03F_impro04_F022.wav
3;impro;F;sad;4;2;Session3/sentences/wav/Ses03F_impro04/Ses03F_impro04_F023.wav
3;impro;F;sad;4;2;Session3/sentences/wav/Ses03F_impro04/Ses03F_impro04_F024.wav
3;script;F;sad;3;2;Session3/sentences/wav/Ses03F_script01_1/Ses03F_script01_1_M026.wav
3;script;F;sad;3;2;Session3/sentences/wav/Ses03F_script02_1/Ses03F_script02_1_F000.wav
3;script;F;sad;3;2;Session3/sentences/wav/Ses03F_script02_1/Ses03F_script02_1_F010.wav
3;script;F;sad;3;2;Session3/sentences/wav/Ses03F_script02_1/Ses03F_script02_1_F011.wav
3;script;M;sad;3;2;Session3/sentences/wav/Ses03M_script03_1/Ses03M_script03_1_F018.wav
3;script;F;sad;3;2;Session3/sentences/wav/Ses03F_script01_3/Ses03F_script01_3_F003.wav
3;script;F;sad;3;2;Session3/sentences/wav/Ses03F_script01_3/Ses03F_script01_3_F008.wav
3;script;F;sad;3;2;Session3/sentences/wav/Ses03F_script01_3/Ses03F_script01_3_F025.wav
3;script;F;sad;3;2;Session3/sentences/wav/Ses03F_script01_3/Ses03F_script01_3_F026.wav
3;script;F;sad;3;2;Session3/sentences/wav/Ses03F_script01_3/Ses03F_script01_3_F027.wav
3;script;F;sad;3;2;Session3/sentences/wav/Ses03F_script01_3/Ses03F_script01_3_F028.wav
3;script;F;sad;3;2;Session3/sentences/wav/Ses03F_script01_3/Ses03F_script01_3_F029.wav
3;script;F;sad;3;2;Session3/sentences/wav/Ses03F_script01_3/Ses03F_script01_3_F030.wav
3;script;F;sad;3;2;Session3/sentences/wav/Ses03F_script01_3/Ses03F_script01_3_F032.wav
3;script;F;sad;3;2;Session3/sentences/wav/Ses03F_script01_3/Ses03F_script01_3_F033.wav
3;script;F;sad;3;2;Session3/sentences/wav/Ses03F_script01_3/Ses03F_script01_3_M025.wav
3;script;F;sad;3;2;Session3/sentences/wav/Ses03F_script01_3/Ses03F_script01_3_M027.wav
3;script;F;sad;3;2;Session3/sentences/wav/Ses03F_script01_3/Ses03F_script01_3_M028.wav
3;script;F;sad;3;2;Session3/sentences/wav/Ses03F_script01_3/Ses03F_script01_3_M029.wav
3;script;F;sad;3;2;Session3/sentences/wav/Ses03F_script01_3/Ses03F_script01_3_M037.wav
3;script;F;sad;3;2;Session3/sentences/wav/Ses03F_script01_3/Ses03F_script01_3_M039.wav
3;script;F;sad;3;2;Session3/sentences/wav/Ses03F_script01_3/Ses03F_script01_3_M040.wav
3;script;F;sad;3;2;Session3/sentences/wav/Ses03F_script01_3/Ses03F_script01_3_M041.wav
3;script;F;sad;3;2;Session3/sentences/wav/Ses03F_script01_3/Ses03F_script01_3_M042.wav
3;script;F;sad;3;2;Session3/sentences/wav/Ses03F_script01_3/Ses03F_script01_3_M043.wav
3;script;M;sad;3;2;Session3/sentences/wav/Ses03M_script01_2/Ses03M_script01_2_F017.wav
3;script;M;sad;3;2;Session3/sentences/wav/Ses03M_script01_2/Ses03M_script01_2_F019.wav
3;script;F;sad;3;2;Session3/sentences/wav/Ses03F_script01_2/Ses03F_script01_2_F011.wav
3;script;F;sad;3;2;Session3/sentences/wav/Ses03F_script01_2/Ses03F_script01_2_F018.wav
3;script;F;sad;3;2;Session3/sentences/wav/Ses03F_script01_2/Ses03F_script01_2_F020.wav
3;script;F;sad;3;2;Session3/sentences/wav/Ses03F_script01_2/Ses03F_script01_2_F021.wav
3;script;M;sad;3;2;Session3/sentences/wav/Ses03M_script02_2/Ses03M_script02_2_F018.wav
3;script;M;sad;3;2;Session3/sentences/wav/Ses03M_script02_2/Ses03M_script02_2_F037.wav
3;script;M;sad;3;2;Session3/sentences/wav/Ses03M_script02_2/Ses03M_script02_2_F038.wav
3;script;M;sad;3;2;Session3/sentences/wav/Ses03M_script02_2/Ses03M_script02_2_F041.wav
3;script;F;sad;3;2;Session3/sentences/wav/Ses03F_script02_2/Ses03F_script02_2_F018.wav
3;script;F;sad;3;2;Session3/sentences/wav/Ses03F_script02_2/Ses03F_script02_2_F022.wav
3;script;F;sad;3;2;Session3/sentences/wav/Ses03F_script02_2/Ses03F_script02_2_F027.wav
3;script;F;sad;3;2;Session3/sentences/wav/Ses03F_script02_2/Ses03F_script02_2_F036.wav
3;script;F;sad;3;2;Session3/sentences/wav/Ses03F_script02_2/Ses03F_script02_2_F038.wav
3;script;M;sad;3;2;Session3/sentences/wav/Ses03M_script01_3/Ses03M_script01_3_F004.wav
3;script;M;sad;3;2;Session3/sentences/wav/Ses03M_script01_3/Ses03M_script01_3_F006.wav
3;script;M;sad;3;2;Session3/sentences/wav/Ses03M_script01_3/Ses03M_script01_3_F007.wav
3;script;M;sad;3;2;Session3/sentences/wav/Ses03M_script01_3/Ses03M_script01_3_F008.wav
3;script;M;sad;3;2;Session3/sentences/wav/Ses03M_script01_3/Ses03M_script01_3_F029.wav
3;script;M;sad;3;2;Session3/sentences/wav/Ses03M_script01_3/Ses03M_script01_3_F031.wav
3;script;M;sad;3;2;Session3/sentences/wav/Ses03M_script01_3/Ses03M_script01_3_F033.wav
3;script;M;sad;3;2;Session3/sentences/wav/Ses03M_script01_3/Ses03M_script01_3_M023.wav
3;script;M;sad;3;2;Session3/sentences/wav/Ses03M_script01_3/Ses03M_script01_3_M027.wav
3;script;M;sad;3;2;Session3/sentences/wav/Ses03M_script01_3/Ses03M_script01_3_M035.wav
3;script;M;sad;3;2;Session3/sentences/wav/Ses03M_script01_3/Ses03M_script01_3_M036.wav
3;script;M;sad;3;2;Session3/sentences/wav/Ses03M_script01_3/Ses03M_script01_3_M037.wav
3;script;M;sad;3;2;Session3/sentences/wav/Ses03M_script01_3/Ses03M_script01_3_M038.wav
3;script;M;sad;3;2;Session3/sentences/wav/Ses03M_script01_3/Ses03M_script01_3_M039.wav
3;script;F;sad;3;2;Session3/sentences/wav/Ses03F_script03_1/Ses03F_script03_1_F014.wav
3;script;F;sad;3;2;Session3/sentences/wav/Ses03F_script03_1/Ses03F_script03_1_F015.wav
3;script;M;sad;3;2;Session3/sentences/wav/Ses03M_script01_1/Ses03M_script01_1_F004.wav
3;script;M;sad;3;2;Session3/sentences/wav/Ses03M_script01_1/Ses03M_script01_1_F040.wav
3;script;M;sad;3;2;Session3/sentences/wav/Ses03M_script01_1/Ses03M_script01_1_F046.wav
3;script;M;sad;3;2;Session3/sentences/wav/Ses03M_script01_1/Ses03M_script01_1_M000.wav
3;script;M;sad;3;2;Session3/sentences/wav/Ses03M_script01_1/Ses03M_script01_1_M001.wav
3;script;M;sad;3;2;Session3/sentences/wav/Ses03M_script01_1/Ses03M_script01_1_M002.wav
3;script;M;sad;3;2;Session3/sentences/wav/Ses03M_script01_1/Ses03M_script01_1_M003.wav
3;script;M;sad;3;2;Session3/sentences/wav/Ses03M_script01_1/Ses03M_script01_1_M004.wav
3;script;M;sad;3;2;Session3/sentences/wav/Ses03M_script01_1/Ses03M_script01_1_M005.wav
3;script;M;sad;3;2;Session3/sentences/wav/Ses03M_script01_1/Ses03M_script01_1_M006.wav
3;script;M;sad;3;2;Session3/sentences/wav/Ses03M_script01_1/Ses03M_script01_1_M007.wav
3;script;M;sad;3;2;Session3/sentences/wav/Ses03M_script01_1/Ses03M_script01_1_M030.wav
3;script;M;sad;3;2;Session3/sentences/wav/Ses03M_script01_1/Ses03M_script01_1_M036.wav
3;script;M;sad;3;2;Session3/sentences/wav/Ses03M_script01_1/Ses03M_script01_1_M045.wav
3;script;M;sad;3;2;Session3/sentences/wav/Ses03M_script01_1/Ses03M_script01_1_M046.wav
3;script;M;sad;3;2;Session3/sentences/wav/Ses03M_script01_1/Ses03M_script01_1_M047.wav
3;impro;M;sad;4;3;Session3/sentences/wav/Ses03M_impro02/Ses03M_impro02_F013.wav
3;impro;M;sad;4;3;Session3/sentences/wav/Ses03M_impro02/Ses03M_impro02_F014.wav
3;impro;M;sad;4;3;Session3/sentences/wav/Ses03M_impro02/Ses03M_impro02_F016.wav
3;impro;M;sad;4;3;Session3/sentences/wav/Ses03M_impro02/Ses03M_impro02_F017.wav
3;impro;M;sad;4;3;Session3/sentences/wav/Ses03M_impro02/Ses03M_impro02_F023.wav
3;impro;M;sad;4;3;Session3/sentences/wav/Ses03M_impro02/Ses03M_impro02_F024.wav
3;impro;M;sad;4;3;Session3/sentences/wav/Ses03M_impro02/Ses03M_impro02_F026.wav
3;impro;M;sad;4;3;Session3/sentences/wav/Ses03M_impro02/Ses03M_impro02_F029.wav
3;impro;M;sad;4;3;Session3/sentences/wav/Ses03M_impro02/Ses03M_impro02_F030.wav
3;impro;M;sad;4;3;Session3/sentences/wav/Ses03M_impro02/Ses03M_impro02_F031.wav
3;impro;M;sad;4;3;Session3/sentences/wav/Ses03M_impro02/Ses03M_impro02_F032.wav
3;impro;M;sad;4;3;Session3/sentences/wav/Ses03M_impro02/Ses03M_impro02_F033.wav
3;impro;M;sad;4;3;Session3/sentences/wav/Ses03M_impro02/Ses03M_impro02_M001.wav
3;impro;M;sad;4;3;Session3/sentences/wav/Ses03M_impro02/Ses03M_impro02_M003.wav
3;impro;M;sad;4;3;Session3/sentences/wav/Ses03M_impro02/Ses03M_impro02_M004.wav
3;impro;M;sad;4;3;Session3/sentences/wav/Ses03M_impro02/Ses03M_impro02_M005.wav
3;impro;M;sad;4;3;Session3/sentences/wav/Ses03M_impro02/Ses03M_impro02_M006.wav
3;impro;M;sad;4;3;Session3/sentences/wav/Ses03M_impro02/Ses03M_impro02_M024.wav
3;impro;M;sad;4;3;Session3/sentences/wav/Ses03M_impro02/Ses03M_impro02_M026.wav
3;impro;M;sad;4;3;Session3/sentences/wav/Ses03M_impro02/Ses03M_impro02_M027.wav
3;impro;M;sad;4;3;Session3/sentences/wav/Ses03M_impro02/Ses03M_impro02_M028.wav
3;impro;M;sad;4;3;Session3/sentences/wav/Ses03M_impro02/Ses03M_impro02_M031.wav
3;impro;M;sad;4;3;Session3/sentences/wav/Ses03M_impro06/Ses03M_impro06_F002.wav
3;impro;M;sad;4;3;Session3/sentences/wav/Ses03M_impro06/Ses03M_impro06_F004.wav
3;impro;M;sad;4;3;Session3/sentences/wav/Ses03M_impro06/Ses03M_impro06_F005.wav
3;impro;M;sad;4;3;Session3/sentences/wav/Ses03M_impro06/Ses03M_impro06_F008.wav
3;impro;M;sad;4;3;Session3/sentences/wav/Ses03M_impro06/Ses03M_impro06_F010.wav
3;impro;M;sad;4;3;Session3/sentences/wav/Ses03M_impro06/Ses03M_impro06_F020.wav
3;impro;M;sad;4;3;Session3/sentences/wav/Ses03M_impro06/Ses03M_impro06_M001.wav
3;impro;M;sad;4;3;Session3/sentences/wav/Ses03M_impro06/Ses03M_impro06_M002.wav
3;impro;M;sad;4;3;Session3/sentences/wav/Ses03M_impro06/Ses03M_impro06_M004.wav
3;impro;M;sad;4;3;Session3/sentences/wav/Ses03M_impro06/Ses03M_impro06_M008.wav
3;impro;M;sad;4;3;Session3/sentences/wav/Ses03M_impro06/Ses03M_impro06_M010.wav
3;impro;M;sad;4;3;Session3/sentences/wav/Ses03M_impro06/Ses03M_impro06_M011.wav
3;impro;M;sad;4;3;Session3/sentences/wav/Ses03M_impro06/Ses03M_impro06_M013.wav
3;impro;M;sad;4;3;Session3/sentences/wav/Ses03M_impro06/Ses03M_impro06_M014.wav
3;impro;M;sad;4;3;Session3/sentences/wav/Ses03M_impro06/Ses03M_impro06_M016.wav
3;impro;M;sad;4;3;Session3/sentences/wav/Ses03M_impro06/Ses03M_impro06_M017.wav
3;impro;M;sad;4;3;Session3/sentences/wav/Ses03M_impro06/Ses03M_impro06_M018.wav
3;impro;M;sad;4;3;Session3/sentences/wav/Ses03M_impro06/Ses03M_impro06_M020.wav
3;impro;M;sad;4;3;Session3/sentences/wav/Ses03M_impro06/Ses03M_impro06_M022.wav
3;impro;M;sad;4;3;Session3/sentences/wav/Ses03M_impro06/Ses03M_impro06_M026.wav
3;impro;M;sad;4;3;Session3/sentences/wav/Ses03M_impro06/Ses03M_impro06_M029.wav
3;impro;M;sad;4;3;Session3/sentences/wav/Ses03M_impro06/Ses03M_impro06_M030.wav
3;impro;M;sad;4;3;Session3/sentences/wav/Ses03M_impro06/Ses03M_impro06_M032.wav
3;impro;F;sad;4;3;Session3/sentences/wav/Ses03F_impro02/Ses03F_impro02_F008.wav
3;impro;F;sad;4;3;Session3/sentences/wav/Ses03F_impro02/Ses03F_impro02_F010.wav
3;impro;F;sad;4;3;Session3/sentences/wav/Ses03F_impro02/Ses03F_impro02_F020.wav
3;impro;F;sad;4;3;Session3/sentences/wav/Ses03F_impro02/Ses03F_impro02_F021.wav
3;impro;F;sad;4;3;Session3/sentences/wav/Ses03F_impro02/Ses03F_impro02_F025.wav
3;impro;F;sad;4;3;Session3/sentences/wav/Ses03F_impro02/Ses03F_impro02_F026.wav
3;impro;F;sad;4;3;Session3/sentences/wav/Ses03F_impro02/Ses03F_impro02_F029.wav
3;impro;F;sad;4;3;Session3/sentences/wav/Ses03F_impro02/Ses03F_impro02_F031.wav
3;impro;F;sad;4;3;Session3/sentences/wav/Ses03F_impro02/Ses03F_impro02_F036.wav
3;impro;F;sad;4;3;Session3/sentences/wav/Ses03F_impro02/Ses03F_impro02_F038.wav
3;impro;F;sad;4;3;Session3/sentences/wav/Ses03F_impro02/Ses03F_impro02_F039.wav
3;impro;F;sad;4;3;Session3/sentences/wav/Ses03F_impro02/Ses03F_impro02_F040.wav
3;impro;F;sad;4;3;Session3/sentences/wav/Ses03F_impro02/Ses03F_impro02_F041.wav
3;impro;F;sad;4;3;Session3/sentences/wav/Ses03F_impro02/Ses03F_impro02_M016.wav
3;impro;F;sad;4;3;Session3/sentences/wav/Ses03F_impro02/Ses03F_impro02_M017.wav
3;impro;F;sad;4;3;Session3/sentences/wav/Ses03F_impro02/Ses03F_impro02_M020.wav
3;impro;F;sad;4;3;Session3/sentences/wav/Ses03F_impro02/Ses03F_impro02_M025.wav
3;impro;F;sad;4;3;Session3/sentences/wav/Ses03F_impro06/Ses03F_impro06_F000.wav
3;impro;F;sad;4;3;Session3/sentences/wav/Ses03F_impro06/Ses03F_impro06_F008.wav
3;impro;F;sad;4;3;Session3/sentences/wav/Ses03F_impro06/Ses03F_impro06_F009.wav
3;impro;F;sad;4;3;Session3/sentences/wav/Ses03F_impro06/Ses03F_impro06_F011.wav
3;impro;F;sad;4;3;Session3/sentences/wav/Ses03F_impro06/Ses03F_impro06_F012.wav
3;impro;F;sad;4;3;Session3/sentences/wav/Ses03F_impro06/Ses03F_impro06_F013.wav
3;impro;F;sad;4;3;Session3/sentences/wav/Ses03F_impro06/Ses03F_impro06_F014.wav
3;impro;F;sad;4;3;Session3/sentences/wav/Ses03F_impro06/Ses03F_impro06_F015.wav
3;impro;F;sad;4;3;Session3/sentences/wav/Ses03F_impro06/Ses03F_impro06_F016.wav
3;impro;F;sad;4;3;Session3/sentences/wav/Ses03F_impro06/Ses03F_impro06_F017.wav
3;impro;F;sad;4;3;Session3/sentences/wav/Ses03F_impro06/Ses03F_impro06_F018.wav
3;impro;F;sad;4;3;Session3/sentences/wav/Ses03F_impro06/Ses03F_impro06_F020.wav
3;impro;F;sad;4;3;Session3/sentences/wav/Ses03F_impro06/Ses03F_impro06_F025.wav
3;impro;F;sad;4;3;Session3/sentences/wav/Ses03F_impro06/Ses03F_impro06_F026.wav
3;impro;F;sad;4;3;Session3/sentences/wav/Ses03F_impro06/Ses03F_impro06_F032.wav
3;impro;F;sad;4;3;Session3/sentences/wav/Ses03F_impro06/Ses03F_impro06_F033.wav
3;impro;F;sad;4;3;Session3/sentences/wav/Ses03F_impro06/Ses03F_impro06_F034.wav
3;impro;F;sad;4;3;Session3/sentences/wav/Ses03F_impro06/Ses03F_impro06_F035.wav
3;impro;F;sad;4;3;Session3/sentences/wav/Ses03F_impro06/Ses03F_impro06_M002.wav
3;impro;F;sad;4;3;Session3/sentences/wav/Ses03F_impro06/Ses03F_impro06_M009.wav
3;impro;F;sad;4;3;Session3/sentences/wav/Ses03F_impro06/Ses03F_impro06_M011.wav
3;impro;F;sad;4;3;Session3/sentences/wav/Ses03F_impro06/Ses03F_impro06_M012.wav
3;impro;F;sad;4;3;Session3/sentences/wav/Ses03F_impro06/Ses03F_impro06_M013.wav
3;impro;F;sad;4;3;Session3/sentences/wav/Ses03F_impro06/Ses03F_impro06_M014.wav
3;impro;F;sad;4;3;Session3/sentences/wav/Ses03F_impro06/Ses03F_impro06_M015.wav
3;impro;F;sad;4;3;Session3/sentences/wav/Ses03F_impro06/Ses03F_impro06_M016.wav
3;impro;M;sad;4;3;Session3/sentences/wav/Ses03M_impro04/Ses03M_impro04_M000.wav
3;impro;M;sad;4;3;Session3/sentences/wav/Ses03M_impro04/Ses03M_impro04_M026.wav
3;impro;M;sad;4;3;Session3/sentences/wav/Ses03M_impro04/Ses03M_impro04_M030.wav
3;script;F;sad;3;3;Session3/sentences/wav/Ses03F_script01_3/Ses03F_script01_3_F031.wav
3;script;F;sad;3;3;Session3/sentences/wav/Ses03F_script01_3/Ses03F_script01_3_M030.wav
3;script;F;sad;3;3;Session3/sentences/wav/Ses03F_script01_3/Ses03F_script01_3_M031.wav
3;script;F;sad;3;3;Session3/sentences/wav/Ses03F_script01_3/Ses03F_script01_3_M032.wav
3;script;F;sad;3;3;Session3/sentences/wav/Ses03F_script01_3/Ses03F_script01_3_M033.wav
3;script;F;sad;3;3;Session3/sentences/wav/Ses03F_script01_3/Ses03F_script01_3_M034.wav
3;script;F;sad;3;3;Session3/sentences/wav/Ses03F_script01_3/Ses03F_script01_3_M035.wav
3;script;F;sad;3;3;Session3/sentences/wav/Ses03F_script01_3/Ses03F_script01_3_M036.wav
3;script;F;sad;3;3;Session3/sentences/wav/Ses03F_script01_3/Ses03F_script01_3_M038.wav
3;script;M;sad;3;3;Session3/sentences/wav/Ses03M_script01_2/Ses03M_script01_2_F010.wav
3;script;M;sad;3;3;Session3/sentences/wav/Ses03M_script01_2/Ses03M_script01_2_F011.wav
3;script;M;sad;3;3;Session3/sentences/wav/Ses03M_script02_2/Ses03M_script02_2_F023.wav
3;script;M;sad;3;3;Session3/sentences/wav/Ses03M_script02_2/Ses03M_script02_2_F024.wav
3;script;M;sad;3;3;Session3/sentences/wav/Ses03M_script02_2/Ses03M_script02_2_F025.wav
3;script;M;sad;3;3;Session3/sentences/wav/Ses03M_script02_2/Ses03M_script02_2_F034.wav
3;script;M;sad;3;3;Session3/sentences/wav/Ses03M_script02_2/Ses03M_script02_2_F035.wav
3;script;M;sad;3;3;Session3/sentences/wav/Ses03M_script02_2/Ses03M_script02_2_F036.wav
3;script;M;sad;3;3;Session3/sentences/wav/Ses03M_script02_2/Ses03M_script02_2_F040.wav
3;script;M;sad;3;3;Session3/sentences/wav/Ses03M_script02_2/Ses03M_script02_2_M036.wav
3;script;M;sad;3;3;Session3/sentences/wav/Ses03M_script02_2/Ses03M_script02_2_M037.wav
3;script;F;sad;3;3;Session3/sentences/wav/Ses03F_script02_2/Ses03F_script02_2_F016.wav
3;script;F;sad;3;3;Session3/sentences/wav/Ses03F_script02_2/Ses03F_script02_2_F017.wav
3;script;F;sad;3;3;Session3/sentences/wav/Ses03F_script02_2/Ses03F_script02_2_F024.wav
3;script;F;sad;3;3;Session3/sentences/wav/Ses03F_script02_2/Ses03F_script02_2_F025.wav
3;script;F;sad;3;3;Session3/sentences/wav/Ses03F_script02_2/Ses03F_script02_2_F026.wav
3;script;F;sad;3;3;Session3/sentences/wav/Ses03F_script02_2/Ses03F_script02_2_F028.wav
3;script;F;sad;3;3;Session3/sentences/wav/Ses03F_script02_2/Ses03F_script02_2_F039.wav
3;script;F;sad;3;3;Session3/sentences/wav/Ses03F_script02_2/Ses03F_script02_2_F040.wav
3;script;F;sad;3;3;Session3/sentences/wav/Ses03F_script02_2/Ses03F_script02_2_F051.wav
3;script;M;sad;3;3;Session3/sentences/wav/Ses03M_script01_3/Ses03M_script01_3_F030.wav
3;script;M;sad;3;3;Session3/sentences/wav/Ses03M_script01_3/Ses03M_script01_3_M028.wav
3;script;M;sad;3;3;Session3/sentences/wav/Ses03M_script01_3/Ses03M_script01_3_M029.wav
3;script;M;sad;3;3;Session3/sentences/wav/Ses03M_script01_3/Ses03M_script01_3_M030.wav
3;script;M;sad;3;3;Session3/sentences/wav/Ses03M_script01_3/Ses03M_script01_3_M031.wav
3;script;M;sad;3;3;Session3/sentences/wav/Ses03M_script01_3/Ses03M_script01_3_M032.wav
3;script;M;sad;3;3;Session3/sentences/wav/Ses03M_script01_3/Ses03M_script01_3_M033.wav
3;script;M;sad;3;3;Session3/sentences/wav/Ses03M_script01_3/Ses03M_script01_3_M034.wav
3;script;M;sad;3;3;Session3/sentences/wav/Ses03M_script01_3/Ses03M_script01_3_M040.wav
3;script;M;sad;3;3;Session3/sentences/wav/Ses03M_script01_3/Ses03M_script01_3_M041.wav
3;script;M;sad;3;3;Session3/sentences/wav/Ses03M_script01_3/Ses03M_script01_3_M042.wav
3;script;M;sad;3;3;Session3/sentences/wav/Ses03M_script01_1/Ses03M_script01_1_F005.wav
3;script;M;sad;3;3;Session3/sentences/wav/Ses03M_script01_1/Ses03M_script01_1_F008.wav
3;script;M;sad;3;3;Session3/sentences/wav/Ses03M_script01_1/Ses03M_script01_1_F045.wav
3;impro;M;sad;4;4;Session3/sentences/wav/Ses03M_impro02/Ses03M_impro02_F015.wav
3;impro;M;sad;4;4;Session3/sentences/wav/Ses03M_impro02/Ses03M_impro02_F022.wav
3;impro;M;sad;4;4;Session3/sentences/wav/Ses03M_impro02/Ses03M_impro02_M002.wav
3;impro;M;sad;4;4;Session3/sentences/wav/Ses03M_impro02/Ses03M_impro02_M011.wav
3;impro;M;sad;4;4;Session3/sentences/wav/Ses03M_impro02/Ses03M_impro02_M025.wav
3;impro;M;sad;4;4;Session3/sentences/wav/Ses03M_impro02/Ses03M_impro02_M029.wav
3;impro;M;sad;4;4;Session3/sentences/wav/Ses03M_impro02/Ses03M_impro02_M030.wav
3;impro;M;sad;4;4;Session3/sentences/wav/Ses03M_impro06/Ses03M_impro06_F003.wav
3;impro;M;sad;4;4;Session3/sentences/wav/Ses03M_impro06/Ses03M_impro06_M000.wav
3;impro;M;sad;4;4;Session3/sentences/wav/Ses03M_impro06/Ses03M_impro06_M003.wav
3;impro;M;sad;4;4;Session3/sentences/wav/Ses03M_impro06/Ses03M_impro06_M005.wav
3;impro;M;sad;4;4;Session3/sentences/wav/Ses03M_impro06/Ses03M_impro06_M006.wav
3;impro;M;sad;4;4;Session3/sentences/wav/Ses03M_impro06/Ses03M_impro06_M007.wav
3;impro;M;sad;4;4;Session3/sentences/wav/Ses03M_impro06/Ses03M_impro06_M009.wav
3;impro;M;sad;4;4;Session3/sentences/wav/Ses03M_impro06/Ses03M_impro06_M012.wav
3;impro;M;sad;4;4;Session3/sentences/wav/Ses03M_impro06/Ses03M_impro06_M015.wav
3;impro;M;sad;4;4;Session3/sentences/wav/Ses03M_impro06/Ses03M_impro06_M019.wav
3;impro;M;sad;4;4;Session3/sentences/wav/Ses03M_impro06/Ses03M_impro06_M023.wav
3;impro;M;sad;4;4;Session3/sentences/wav/Ses03M_impro06/Ses03M_impro06_M027.wav
3;impro;M;sad;4;4;Session3/sentences/wav/Ses03M_impro06/Ses03M_impro06_M031.wav
3;impro;F;sad;4;4;Session3/sentences/wav/Ses03F_impro02/Ses03F_impro02_F027.wav
3;impro;F;sad;4;4;Session3/sentences/wav/Ses03F_impro02/Ses03F_impro02_F037.wav
3;impro;F;sad;4;4;Session3/sentences/wav/Ses03F_impro02/Ses03F_impro02_F042.wav
3;impro;F;sad;4;4;Session3/sentences/wav/Ses03F_impro02/Ses03F_impro02_F043.wav
3;impro;F;sad;4;4;Session3/sentences/wav/Ses03F_impro02/Ses03F_impro02_M019.wav
3;impro;F;sad;4;4;Session3/sentences/wav/Ses03F_impro02/Ses03F_impro02_M031.wav
3;impro;F;sad;4;4;Session3/sentences/wav/Ses03F_impro06/Ses03F_impro06_F001.wav
3;impro;F;sad;4;4;Session3/sentences/wav/Ses03F_impro06/Ses03F_impro06_F002.wav
3;impro;F;sad;4;4;Session3/sentences/wav/Ses03F_impro06/Ses03F_impro06_F003.wav
3;impro;F;sad;4;4;Session3/sentences/wav/Ses03F_impro06/Ses03F_impro06_F004.wav
3;impro;F;sad;4;4;Session3/sentences/wav/Ses03F_impro06/Ses03F_impro06_F005.wav
3;impro;F;sad;4;4;Session3/sentences/wav/Ses03F_impro06/Ses03F_impro06_F006.wav
3;impro;F;sad;4;4;Session3/sentences/wav/Ses03F_impro06/Ses03F_impro06_F007.wav
3;impro;F;sad;4;4;Session3/sentences/wav/Ses03F_impro06/Ses03F_impro06_F010.wav
3;impro;F;sad;4;4;Session3/sentences/wav/Ses03F_impro06/Ses03F_impro06_F019.wav
3;impro;F;sad;4;4;Session3/sentences/wav/Ses03F_impro06/Ses03F_impro06_F021.wav
3;impro;F;sad;4;4;Session3/sentences/wav/Ses03F_impro06/Ses03F_impro06_F022.wav
3;impro;F;sad;4;4;Session3/sentences/wav/Ses03F_impro06/Ses03F_impro06_F023.wav
3;impro;F;sad;4;4;Session3/sentences/wav/Ses03F_impro06/Ses03F_impro06_F024.wav
3;impro;F;sad;4;4;Session3/sentences/wav/Ses03F_impro06/Ses03F_impro06_F029.wav
3;impro;F;sad;4;4;Session3/sentences/wav/Ses03F_impro06/Ses03F_impro06_F030.wav
3;impro;F;sad;4;4;Session3/sentences/wav/Ses03F_impro06/Ses03F_impro06_F031.wav
4;impro;F;sad;3;2;Session4/sentences/wav/Ses04F_impro06/Ses04F_impro06_F000.wav
4;impro;F;sad;3;2;Session4/sentences/wav/Ses04F_impro06/Ses04F_impro06_F002.wav
4;impro;F;sad;3;2;Session4/sentences/wav/Ses04F_impro06/Ses04F_impro06_F003.wav
4;impro;F;sad;3;2;Session4/sentences/wav/Ses04F_impro06/Ses04F_impro06_F006.wav
4;impro;F;sad;3;2;Session4/sentences/wav/Ses04F_impro06/Ses04F_impro06_M002.wav
4;impro;F;sad;3;2;Session4/sentences/wav/Ses04F_impro06/Ses04F_impro06_M003.wav
4;impro;F;sad;3;2;Session4/sentences/wav/Ses04F_impro06/Ses04F_impro06_M005.wav
4;impro;F;sad;3;2;Session4/sentences/wav/Ses04F_impro06/Ses04F_impro06_M008.wav
4;impro;F;sad;3;2;Session4/sentences/wav/Ses04F_impro06/Ses04F_impro06_M009.wav
4;impro;F;sad;3;2;Session4/sentences/wav/Ses04F_impro06/Ses04F_impro06_M010.wav
4;impro;F;sad;3;2;Session4/sentences/wav/Ses04F_impro06/Ses04F_impro06_M011.wav
4;impro;F;sad;3;2;Session4/sentences/wav/Ses04F_impro06/Ses04F_impro06_M013.wav
4;impro;F;sad;3;2;Session4/sentences/wav/Ses04F_impro06/Ses04F_impro06_M014.wav
4;script;M;sad;3;2;Session4/sentences/wav/Ses04M_script01_1/Ses04M_script01_1_F007.wav
4;script;M;sad;3;2;Session4/sentences/wav/Ses04M_script01_1/Ses04M_script01_1_M034.wav
4;script;M;sad;3;2;Session4/sentences/wav/Ses04M_script01_2/Ses04M_script01_2_F020.wav
4;script;M;sad;3;2;Session4/sentences/wav/Ses04M_script03_1/Ses04M_script03_1_M016.wav
4;impro;M;sad;3;2;Session4/sentences/wav/Ses04M_impro06/Ses04M_impro06_F004.wav
4;impro;M;sad;3;2;Session4/sentences/wav/Ses04M_impro06/Ses04M_impro06_F005.wav
4;impro;M;sad;3;2;Session4/sentences/wav/Ses04M_impro06/Ses04M_impro06_F009.wav
4;impro;M;sad;3;2;Session4/sentences/wav/Ses04M_impro06/Ses04M_impro06_F010.wav
4;impro;M;sad;3;2;Session4/sentences/wav/Ses04M_impro06/Ses04M_impro06_F011.wav
4;impro;M;sad;3;2;Session4/sentences/wav/Ses04M_impro06/Ses04M_impro06_F012.wav
4;impro;M;sad;3;2;Session4/sentences/wav/Ses04M_impro06/Ses04M_impro06_F014.wav
4;impro;M;sad;3;2;Session4/sentences/wav/Ses04M_impro06/Ses04M_impro06_F015.wav
4;impro;M;sad;3;2;Session4/sentences/wav/Ses04M_impro06/Ses04M_impro06_F018.wav
4;impro;M;sad;3;2;Session4/sentences/wav/Ses04M_impro06/Ses04M_impro06_F019.wav
4;impro;M;sad;3;2;Session4/sentences/wav/Ses04M_impro06/Ses04M_impro06_M000.wav
4;impro;M;sad;3;2;Session4/sentences/wav/Ses04M_impro06/Ses04M_impro06_M002.wav
4;impro;M;sad;3;2;Session4/sentences/wav/Ses04M_impro06/Ses04M_impro06_M004.wav
4;impro;M;sad;3;2;Session4/sentences/wav/Ses04M_impro06/Ses04M_impro06_M006.wav
4;impro;M;sad;3;2;Session4/sentences/wav/Ses04M_impro06/Ses04M_impro06_M007.wav
4;impro;M;sad;3;2;Session4/sentences/wav/Ses04M_impro06/Ses04M_impro06_M009.wav
4;script;F;sad;3;2;Session4/sentences/wav/Ses04F_script01_1/Ses04F_script01_1_F004.wav
4;script;F;sad;3;2;Session4/sentences/wav/Ses04F_script01_1/Ses04F_script01_1_M004.wav
4;script;F;sad;3;2;Session4/sentences/wav/Ses04F_script01_1/Ses04F_script01_1_M005.wav
4;script;F;sad;3;2;Session4/sentences/wav/Ses04F_script01_1/Ses04F_script01_1_M026.wav
4;script;F;sad;3;2;Session4/sentences/wav/Ses04F_script01_1/Ses04F_script01_1_M032.wav
4;script;F;sad;3;2;Session4/sentences/wav/Ses04F_script01_3/Ses04F_script01_3_F024.wav
4;script;F;sad;3;2;Session4/sentences/wav/Ses04F_script01_3/Ses04F_script01_3_M023.wav
4;script;F;sad;3;2;Session4/sentences/wav/Ses04F_script01_3/Ses04F_script01_3_M024.wav
4;script;F;sad;3;2;Session4/sentences/wav/Ses04F_script01_3/Ses04F_script01_3_M026.wav
4;script;F;sad;3;2;Session4/sentences/wav/Ses04F_script01_3/Ses04F_script01_3_M027.wav
4;script;F;sad;3;2;Session4/sentences/wav/Ses04F_script01_3/Ses04F_script01_3_M028.wav
4;script;F;sad;3;2;Session4/sentences/wav/Ses04F_script01_3/Ses04F_script01_3_M029.wav
4;script;F;sad;3;2;Session4/sentences/wav/Ses04F_script01_3/Ses04F_script01_3_M032.wav
4;script;F;sad;3;2;Session4/sentences/wav/Ses04F_script01_3/Ses04F_script01_3_M033.wav
4;script;F;sad;3;2;Session4/sentences/wav/Ses04F_script01_3/Ses04F_script01_3_M034.wav
4;script;F;sad;3;2;Session4/sentences/wav/Ses04F_script01_3/Ses04F_script01_3_M035.wav
4;script;F;sad;3;2;Session4/sentences/wav/Ses04F_script01_3/Ses04F_script01_3_M036.wav
4;script;F;sad;3;2;Session4/sentences/wav/Ses04F_script01_3/Ses04F_script01_3_M039.wav
4;script;F;sad;3;2;Session4/sentences/wav/Ses04F_script01_3/Ses04F_script01_3_M040.wav
4;script;F;sad;3;2;Session4/sentences/wav/Ses04F_script01_3/Ses04F_script01_3_M041.wav
4;script;F;sad;3;2;Session4/sentences/wav/Ses04F_script01_3/Ses04F_script01_3_M043.wav
4;script;F;sad;3;2;Session4/sentences/wav/Ses04F_script01_3/Ses04F_script01_3_M044.wav
4;impro;F;sad;3;2;Session4/sentences/wav/Ses04F_impro02/Ses04F_impro02_F000.wav
4;impro;F;sad;3;2;Session4/sentences/wav/Ses04F_impro02/Ses04F_impro02_F001.wav
4;impro;F;sad;3;2;Session4/sentences/wav/Ses04F_impro02/Ses04F_impro02_F002.wav
4;impro;F;sad;3;2;Session4/sentences/wav/Ses04F_impro02/Ses04F_impro02_F003.wav
4;impro;F;sad;3;2;Session4/sentences/wav/Ses04F_impro02/Ses04F_impro02_F006.wav
4;impro;F;sad;3;2;Session4/sentences/wav/Ses04F_impro02/Ses04F_impro02_F007.wav
4;impro;F;sad;3;2;Session4/sentences/wav/Ses04F_impro02/Ses04F_impro02_F011.wav
4;impro;F;sad;3;2;Session4/sentences/wav/Ses04F_impro02/Ses04F_impro02_M000.wav
4;impro;F;sad;3;2;Session4/sentences/wav/Ses04F_impro02/Ses04F_impro02_M001.wav
4;impro;F;sad;3;2;Session4/sentences/wav/Ses04F_impro02/Ses04F_impro02_M004.wav
4;impro;F;sad;3;2;Session4/sentences/wav/Ses04F_impro02/Ses04F_impro02_M012.wav
4;impro;F;sad;3;2;Session4/sentences/wav/Ses04F_impro02/Ses04F_impro02_M024.wav
4;impro;F;sad;3;2;Session4/sentences/wav/Ses04F_impro02/Ses04F_impro02_M025.wav
4;impro;F;sad;3;2;Session4/sentences/wav/Ses04F_impro02/Ses04F_impro02_M026.wav
4;script;M;sad;3;2;Session4/sentences/wav/Ses04M_script01_3/Ses04M_script01_3_F022.wav
4;script;M;sad;3;2;Session4/sentences/wav/Ses04M_script01_3/Ses04M_script01_3_M022.wav
4;script;M;sad;3;2;Session4/sentences/wav/Ses04M_script01_3/Ses04M_script01_3_M023.wav
4;script;M;sad;3;2;Session4/sentences/wav/Ses04M_script01_3/Ses04M_script01_3_M024.wav
4;script;M;sad;3;2;Session4/sentences/wav/Ses04M_script01_3/Ses04M_script01_3_M025.wav
4;script;M;sad;3;2;Session4/sentences/wav/Ses04M_script01_3/Ses04M_script01_3_M027.wav
4;script;M;sad;3;2;Session4/sentences/wav/Ses04M_script01_3/Ses04M_script01_3_M028.wav
4;script;M;sad;3;2;Session4/sentences/wav/Ses04M_script01_3/Ses04M_script01_3_M030.wav
4;script;M;sad;3;2;Session4/sentences/wav/Ses04M_script01_3/Ses04M_script01_3_M031.wav
4;script;M;sad;3;2;Session4/sentences/wav/Ses04M_script01_3/Ses04M_script01_3_M032.wav
4;script;M;sad;3;2;Session4/sentences/wav/Ses04M_script01_3/Ses04M_script01_3_M035.wav
4;script;F;sad;3;2;Session4/sentences/wav/Ses04F_script02_2/Ses04F_script02_2_F020.wav
4;script;F;sad;3;2;Session4/sentences/wav/Ses04F_script02_2/Ses04F_script02_2_F021.wav
4;script;F;sad;3;2;Session4/sentences/wav/Ses04F_script02_2/Ses04F_script02_2_F022.wav
4;script;F;sad;3;2;Session4/sentences/wav/Ses04F_script02_2/Ses04F_script02_2_F023.wav
4;script;F;sad;3;2;Session4/sentences/wav/Ses04F_script02_2/Ses04F_script02_2_F024.wav
4;script;F;sad;3;2;Session4/sentences/wav/Ses04F_script02_2/Ses04F_script02_2_F026.wav
4;impro;M;sad;3;2;Session4/sentences/wav/Ses04M_impro02/Ses04M_impro02_F009.wav
4;impro;M;sad;3;2;Session4/sentences/wav/Ses04M_impro02/Ses04M_impro02_F020.wav
4;impro;M;sad;3;2;Session4/sentences/wav/Ses04M_impro02/Ses04M_impro02_M000.wav
4;script;M;sad;3;2;Session4/sentences/wav/Ses04M_script02_2/Ses04M_script02_2_F016.wav
4;script;M;sad;3;2;Session4/sentences/wav/Ses04M_script02_2/Ses04M_script02_2_F018.wav
4;script;M;sad;3;2;Session4/sentences/wav/Ses04M_script02_2/Ses04M_script02_2_F032.wav
4;script;M;sad;3;2;Session4/sentences/wav/Ses04M_script02_2/Ses04M_script02_2_M037.wav
4;impro;F;sad;3;3;Session4/sentences/wav/Ses04F_impro06/Ses04F_impro06_F001.wav
4;impro;F;sad;3;3;Session4/sentences/wav/Ses04F_impro06/Ses04F_impro06_F004.wav
4;impro;F;sad;3;3;Session4/sentences/wav/Ses04F_impro06/Ses04F_impro06_F005.wav
4;impro;F;sad;3;3;Session4/sentences/wav/Ses04F_impro06/Ses04F_impro06_F007.wav
4;impro;F;sad;3;3;Session4/sentences/wav/Ses04F_impro06/Ses04F_impro06_F010.wav
4;impro;F;sad;3;3;Session4/sentences/wav/Ses04F_impro06/Ses04F_impro06_M000.wav
4;impro;F;sad;3;3;Session4/sentences/wav/Ses04F_impro06/Ses04F_impro06_M001.wav
4;impro;M;sad;3;3;Session4/sentences/wav/Ses04M_impro06/Ses04M_impro06_F000.wav
4;impro;M;sad;3;3;Session4/sentences/wav/Ses04M_impro06/Ses04M_impro06_F001.wav
4;impro;M;sad;3;3;Session4/sentences/wav/Ses04M_impro06/Ses04M_impro06_F002.wav
4;impro;M;sad;3;3;Session4/sentences/wav/Ses04M_impro06/Ses04M_impro06_F003.wav
4;impro;M;sad;3;3;Session4/sentences/wav/Ses04M_impro06/Ses04M_impro06_F006.wav
4;impro;M;sad;3;3;Session4/sentences/wav/Ses04M_impro06/Ses04M_impro06_F007.wav
4;impro;M;sad;3;3;Session4/sentences/wav/Ses04M_impro06/Ses04M_impro06_F008.wav
4;impro;M;sad;3;3;Session4/sentences/wav/Ses04M_impro06/Ses04M_impro06_F016.wav
4;impro;M;sad;3;3;Session4/sentences/wav/Ses04M_impro06/Ses04M_impro06_F017.wav
4;impro;M;sad;3;3;Session4/sentences/wav/Ses04M_impro06/Ses04M_impro06_M001.wav
4;impro;M;sad;3;3;Session4/sentences/wav/Ses04M_impro06/Ses04M_impro06_M003.wav
4;impro;M;sad;3;3;Session4/sentences/wav/Ses04M_impro06/Ses04M_impro06_M005.wav
4;impro;M;sad;3;3;Session4/sentences/wav/Ses04M_impro06/Ses04M_impro06_M008.wav
4;impro;M;sad;3;3;Session4/sentences/wav/Ses04M_impro06/Ses04M_impro06_M010.wav
4;impro;M;sad;3;3;Session4/sentences/wav/Ses04M_impro06/Ses04M_impro06_M011.wav
4;impro;M;sad;3;3;Session4/sentences/wav/Ses04M_impro06/Ses04M_impro06_M012.wav
4;impro;M;sad;3;3;Session4/sentences/wav/Ses04M_impro06/Ses04M_impro06_M013.wav
4;impro;M;sad;3;3;Session4/sentences/wav/Ses04M_impro06/Ses04M_impro06_M014.wav
4;impro;M;sad;3;3;Session4/sentences/wav/Ses04M_impro06/Ses04M_impro06_M015.wav
4;impro;M;sad;3;3;Session4/sentences/wav/Ses04M_impro06/Ses04M_impro06_M016.wav
4;impro;M;sad;3;3;Session4/sentences/wav/Ses04M_impro06/Ses04M_impro06_M017.wav
4;impro;M;sad;3;3;Session4/sentences/wav/Ses04M_impro06/Ses04M_impro06_M018.wav
4;impro;M;sad;3;3;Session4/sentences/wav/Ses04M_impro06/Ses04M_impro06_M019.wav
4;impro;M;sad;3;3;Session4/sentences/wav/Ses04M_impro06/Ses04M_impro06_M020.wav
4;script;F;sad;3;3;Session4/sentences/wav/Ses04F_script01_3/Ses04F_script01_3_M030.wav
4;script;F;sad;3;3;Session4/sentences/wav/Ses04F_script01_3/Ses04F_script01_3_M031.wav
4;script;F;sad;3;3;Session4/sentences/wav/Ses04F_script01_3/Ses04F_script01_3_M045.wav
4;impro;F;sad;3;3;Session4/sentences/wav/Ses04F_impro02/Ses04F_impro02_F005.wav
4;impro;F;sad;3;3;Session4/sentences/wav/Ses04F_impro02/Ses04F_impro02_F009.wav
4;impro;F;sad;3;3;Session4/sentences/wav/Ses04F_impro02/Ses04F_impro02_F023.wav
4;impro;F;sad;3;3;Session4/sentences/wav/Ses04F_impro02/Ses04F_impro02_F024.wav
4;script;M;sad;3;3;Session4/sentences/wav/Ses04M_script01_3/Ses04M_script01_3_F023.wav
4;script;M;sad;3;3;Session4/sentences/wav/Ses04M_script01_3/Ses04M_script01_3_M026.wav
4;script;M;sad;3;3;Session4/sentences/wav/Ses04M_script01_3/Ses04M_script01_3_M033.wav
4;script;M;sad;3;3;Session4/sentences/wav/Ses04M_script01_3/Ses04M_script01_3_M034.wav
4;script;F;sad;3;3;Session4/sentences/wav/Ses04F_script02_2/Ses04F_script02_2_F019.wav
4;script;F;sad;3;3;Session4/sentences/wav/Ses04F_script02_2/Ses04F_script02_2_F037.wav
4;script;F;sad;3;3;Session4/sentences/wav/Ses04F_script02_2/Ses04F_script02_2_F041.wav
4;script;F;sad;3;3;Session4/sentences/wav/Ses04F_script02_2/Ses04F_script02_2_M040.wav
4;script;F;sad;3;3;Session4/sentences/wav/Ses04F_script02_2/Ses04F_script02_2_M041.wav
4;script;M;sad;3;3;Session4/sentences/wav/Ses04M_script02_2/Ses04M_script02_2_F019.wav
4;script;M;sad;3;3;Session4/sentences/wav/Ses04M_script02_2/Ses04M_script02_2_F020.wav
4;script;M;sad;3;3;Session4/sentences/wav/Ses04M_script02_2/Ses04M_script02_2_F021.wav
5;impro;M;sad;4;2;Session5/sentences/wav/Ses05M_impro02/Ses05M_impro02_M001.wav
5;impro;M;sad;4;2;Session5/sentences/wav/Ses05M_impro02/Ses05M_impro02_M022.wav
5;impro;M;sad;4;2;Session5/sentences/wav/Ses05M_impro02/Ses05M_impro02_M023.wav
5;impro;M;sad;4;2;Session5/sentences/wav/Ses05M_impro02/Ses05M_impro02_M024.wav
5;impro;M;sad;4;2;Session5/sentences/wav/Ses05M_impro02/Ses05M_impro02_M029.wav
5;impro;M;sad;4;2;Session5/sentences/wav/Ses05M_impro06/Ses05M_impro06_M005.wav
5;impro;M;sad;4;2;Session5/sentences/wav/Ses05M_impro06/Ses05M_impro06_M006.wav
5;impro;M;sad;4;2;Session5/sentences/wav/Ses05M_impro06/Ses05M_impro06_M009.wav
5;impro;M;sad;4;2;Session5/sentences/wav/Ses05M_impro06/Ses05M_impro06_M020.wav
5;script;M;sad;3;2;Session5/sentences/wav/Ses05M_script01_1b/Ses05M_script01_1b_F000.wav
5;script;M;sad;3;2;Session5/sentences/wav/Ses05M_script01_1b/Ses05M_script01_1b_M001.wav
5;script;M;sad;3;2;Session5/sentences/wav/Ses05M_script01_1b/Ses05M_script01_1b_M002.wav
5;script;M;sad;3;2;Session5/sentences/wav/Ses05M_script01_1b/Ses05M_script01_1b_M003.wav
5;script;M;sad;3;2;Session5/sentences/wav/Ses05M_script01_1b/Ses05M_script01_1b_M004.wav
5;script;M;sad;3;2;Session5/sentences/wav/Ses05M_script01_1b/Ses05M_script01_1b_M005.wav
5;script;F;sad;3;2;Session5/sentences/wav/Ses05F_script01_2/Ses05F_script01_2_F016.wav
5;impro;M;sad;3;2;Session5/sentences/wav/Ses05M_impro04/Ses05M_impro04_M041.wav
5;script;M;sad;3;2;Session5/sentences/wav/Ses05M_script02_1/Ses05M_script02_1_F000.wav
5;script;M;sad;3;2;Session5/sentences/wav/Ses05M_script02_1/Ses05M_script02_1_F016.wav
5;script;M;sad;3;2;Session5/sentences/wav/Ses05M_script02_2/Ses05M_script02_2_F015.wav
5;script;M;sad;3;2;Session5/sentences/wav/Ses05M_script02_2/Ses05M_script02_2_F022.wav
5;script;M;sad;3;2;Session5/sentences/wav/Ses05M_script02_2/Ses05M_script02_2_F023.wav
5;script;M;sad;3;2;Session5/sentences/wav/Ses05M_script02_2/Ses05M_script02_2_F026.wav
5;script;M;sad;3;2;Session5/sentences/wav/Ses05M_script02_2/Ses05M_script02_2_F030.wav
5;script;M;sad;3;2;Session5/sentences/wav/Ses05M_script02_2/Ses05M_script02_2_F031.wav
5;script;M;sad;3;2;Session5/sentences/wav/Ses05M_script02_2/Ses05M_script02_2_M029.wav
5;script;M;sad;3;2;Session5/sentences/wav/Ses05M_script02_2/Ses05M_script02_2_M030.wav
5;script;M;sad;3;2;Session5/sentences/wav/Ses05M_script01_1/Ses05M_script01_1_F000.wav
5;script;M;sad;3;2;Session5/sentences/wav/Ses05M_script01_1/Ses05M_script01_1_F001.wav
5;script;M;sad;3;2;Session5/sentences/wav/Ses05M_script01_1/Ses05M_script01_1_F004.wav
5;script;M;sad;3;2;Session5/sentences/wav/Ses05M_script01_1/Ses05M_script01_1_F005.wav
5;script;M;sad;3;2;Session5/sentences/wav/Ses05M_script01_1/Ses05M_script01_1_M004.wav
5;script;F;sad;3;2;Session5/sentences/wav/Ses05F_script02_2/Ses05F_script02_2_F013.wav
5;script;F;sad;3;2;Session5/sentences/wav/Ses05F_script02_2/Ses05F_script02_2_F014.wav
5;script;F;sad;3;2;Session5/sentences/wav/Ses05F_script02_2/Ses05F_script02_2_F016.wav
5;script;F;sad;3;2;Session5/sentences/wav/Ses05F_script02_2/Ses05F_script02_2_F018.wav
5;script;F;sad;3;2;Session5/sentences/wav/Ses05F_script02_2/Ses05F_script02_2_F019.wav
5;script;F;sad;3;2;Session5/sentences/wav/Ses05F_script02_2/Ses05F_script02_2_F026.wav
5;script;F;sad;3;2;Session5/sentences/wav/Ses05F_script02_2/Ses05F_script02_2_F027.wav
5;script;F;sad;3;2;Session5/sentences/wav/Ses05F_script02_2/Ses05F_script02_2_F028.wav
5;script;F;sad;3;2;Session5/sentences/wav/Ses05F_script02_2/Ses05F_script02_2_F030.wav
5;script;F;sad;3;2;Session5/sentences/wav/Ses05F_script02_2/Ses05F_script02_2_F032.wav
5;script;F;sad;3;2;Session5/sentences/wav/Ses05F_script02_2/Ses05F_script02_2_M031.wav
5;script;F;sad;3;2;Session5/sentences/wav/Ses05F_script02_2/Ses05F_script02_2_M032.wav
5;script;F;sad;3;2;Session5/sentences/wav/Ses05F_script02_2/Ses05F_script02_2_M033.wav
5;impro;M;sad;3;2;Session5/sentences/wav/Ses05M_impro02/Ses05M_impro02_F013.wav
5;impro;M;sad;3;2;Session5/sentences/wav/Ses05M_impro02/Ses05M_impro02_F023.wav
5;impro;M;sad;3;2;Session5/sentences/wav/Ses05M_impro02/Ses05M_impro02_F024.wav
5;script;M;sad;3;2;Session5/sentences/wav/Ses05M_script01_3/Ses05M_script01_3_F010.wav
5;script;M;sad;3;2;Session5/sentences/wav/Ses05M_script01_3/Ses05M_script01_3_F016.wav
5;script;M;sad;3;2;Session5/sentences/wav/Ses05M_script01_3/Ses05M_script01_3_F019.wav
5;script;M;sad;3;2;Session5/sentences/wav/Ses05M_script01_3/Ses05M_script01_3_F020.wav
5;script;M;sad;3;2;Session5/sentences/wav/Ses05M_script01_3/Ses05M_script01_3_F021.wav
5;script;M;sad;3;2;Session5/sentences/wav/Ses05M_script01_3/Ses05M_script01_3_F023.wav
5;script;M;sad;3;2;Session5/sentences/wav/Ses05M_script01_3/Ses05M_script01_3_F025.wav
5;script;M;sad;3;2;Session5/sentences/wav/Ses05M_script01_3/Ses05M_script01_3_M019.wav
5;script;M;sad;3;2;Session5/sentences/wav/Ses05M_script01_3/Ses05M_script01_3_M020.wav
5;script;M;sad;3;2;Session5/sentences/wav/Ses05M_script01_3/Ses05M_script01_3_M021.wav
5;script;M;sad;3;2;Session5/sentences/wav/Ses05M_script01_3/Ses05M_script01_3_M023.wav
5;script;M;sad;3;2;Session5/sentences/wav/Ses05M_script01_3/Ses05M_script01_3_M025.wav
5;script;M;sad;3;2;Session5/sentences/wav/Ses05M_script01_3/Ses05M_script01_3_M026.wav
5;script;M;sad;3;2;Session5/sentences/wav/Ses05M_script01_3/Ses05M_script01_3_M027.wav
5;script;M;sad;3;2;Session5/sentences/wav/Ses05M_script01_3/Ses05M_script01_3_M029.wav
5;script;M;sad;3;2;Session5/sentences/wav/Ses05M_script01_3/Ses05M_script01_3_M030.wav
5;script;M;sad;3;2;Session5/sentences/wav/Ses05M_script01_3/Ses05M_script01_3_M033.wav
5;script;M;sad;3;2;Session5/sentences/wav/Ses05M_script01_3/Ses05M_script01_3_M036.wav
5;script;M;sad;3;2;Session5/sentences/wav/Ses05M_script01_3/Ses05M_script01_3_M040.wav
5;script;F;sad;3;2;Session5/sentences/wav/Ses05F_script01_1/Ses05F_script01_1_F004.wav
5;script;F;sad;3;2;Session5/sentences/wav/Ses05F_script01_1/Ses05F_script01_1_F005.wav
5;script;F;sad;3;2;Session5/sentences/wav/Ses05F_script01_1/Ses05F_script01_1_F006.wav
5;script;F;sad;3;2;Session5/sentences/wav/Ses05F_script01_1/Ses05F_script01_1_F007.wav
5;script;F;sad;3;2;Session5/sentences/wav/Ses05F_script01_1/Ses05F_script01_1_F008.wav
5;script;F;sad;3;2;Session5/sentences/wav/Ses05F_script01_1/Ses05F_script01_1_M000.wav
5;script;F;sad;3;2;Session5/sentences/wav/Ses05F_script01_1/Ses05F_script01_1_M001.wav
5;script;F;sad;3;2;Session5/sentences/wav/Ses05F_script01_1/Ses05F_script01_1_M002.wav
5;script;F;sad;3;2;Session5/sentences/wav/Ses05F_script01_1/Ses05F_script01_1_M007.wav
5;script;F;sad;3;2;Session5/sentences/wav/Ses05F_script01_1/Ses05F_script01_1_M008.wav
5;script;F;sad;3;2;Session5/sentences/wav/Ses05F_script01_1/Ses05F_script01_1_M009.wav
5;script;F;sad;3;2;Session5/sentences/wav/Ses05F_script01_1/Ses05F_script01_1_M016.wav
5;script;F;sad;3;2;Session5/sentences/wav/Ses05F_script01_3/Ses05F_script01_3_F006.wav
5;script;F;sad;3;2;Session5/sentences/wav/Ses05F_script01_3/Ses05F_script01_3_F020.wav
5;script;F;sad;3;2;Session5/sentences/wav/Ses05F_script01_3/Ses05F_script01_3_F022.wav
5;script;F;sad;3;2;Session5/sentences/wav/Ses05F_script01_3/Ses05F_script01_3_F025.wav
5;script;F;sad;3;2;Session5/sentences/wav/Ses05F_script01_3/Ses05F_script01_3_M021.wav
5;script;F;sad;3;2;Session5/sentences/wav/Ses05F_script01_3/Ses05F_script01_3_M023.wav
5;script;F;sad;3;2;Session5/sentences/wav/Ses05F_script01_3/Ses05F_script01_3_M024.wav
5;script;F;sad;3;2;Session5/sentences/wav/Ses05F_script01_3/Ses05F_script01_3_M028.wav
5;script;F;sad;3;2;Session5/sentences/wav/Ses05F_script01_3/Ses05F_script01_3_M029.wav
5;script;F;sad;3;2;Session5/sentences/wav/Ses05F_script01_3/Ses05F_script01_3_M031.wav
5;script;F;sad;3;2;Session5/sentences/wav/Ses05F_script01_3/Ses05F_script01_3_M032.wav
5;script;F;sad;3;2;Session5/sentences/wav/Ses05F_script01_3/Ses05F_script01_3_M033.wav
5;script;F;sad;3;2;Session5/sentences/wav/Ses05F_script01_3/Ses05F_script01_3_M034.wav
5;script;F;sad;3;2;Session5/sentences/wav/Ses05F_script01_3/Ses05F_script01_3_M035.wav
5;script;F;sad;3;2;Session5/sentences/wav/Ses05F_script01_3/Ses05F_script01_3_M036.wav
5;script;F;sad;3;2;Session5/sentences/wav/Ses05F_script01_3/Ses05F_script01_3_M037.wav
5;impro;F;sad;3;2;Session5/sentences/wav/Ses05F_impro02/Ses05F_impro02_F001.wav
5;impro;F;sad;3;2;Session5/sentences/wav/Ses05F_impro02/Ses05F_impro02_F002.wav
5;impro;F;sad;3;2;Session5/sentences/wav/Ses05F_impro02/Ses05F_impro02_F004.wav
5;impro;F;sad;3;2;Session5/sentences/wav/Ses05F_impro02/Ses05F_impro02_F005.wav
5;impro;F;sad;3;2;Session5/sentences/wav/Ses05F_impro02/Ses05F_impro02_F008.wav
5;impro;F;sad;3;2;Session5/sentences/wav/Ses05F_impro02/Ses05F_impro02_F010.wav
5;impro;F;sad;3;2;Session5/sentences/wav/Ses05F_impro02/Ses05F_impro02_F011.wav
5;impro;F;sad;3;2;Session5/sentences/wav/Ses05F_impro02/Ses05F_impro02_F012.wav
5;impro;F;sad;3;2;Session5/sentences/wav/Ses05F_impro02/Ses05F_impro02_F021.wav
5;impro;F;sad;3;2;Session5/sentences/wav/Ses05F_impro02/Ses05F_impro02_F023.wav
5;impro;F;sad;3;2;Session5/sentences/wav/Ses05F_impro02/Ses05F_impro02_F024.wav
5;impro;F;sad;3;2;Session5/sentences/wav/Ses05F_impro02/Ses05F_impro02_F027.wav
5;impro;F;sad;3;2;Session5/sentences/wav/Ses05F_impro02/Ses05F_impro02_F028.wav
5;impro;F;sad;3;2;Session5/sentences/wav/Ses05F_impro02/Ses05F_impro02_F029.wav
5;impro;F;sad;3;2;Session5/sentences/wav/Ses05F_impro02/Ses05F_impro02_F034.wav
5;impro;F;sad;3;2;Session5/sentences/wav/Ses05F_impro02/Ses05F_impro02_M024.wav
5;impro;F;sad;3;2;Session5/sentences/wav/Ses05F_impro02/Ses05F_impro02_M025.wav
5;impro;F;sad;3;2;Session5/sentences/wav/Ses05F_impro02/Ses05F_impro02_M026.wav
5;impro;F;sad;3;2;Session5/sentences/wav/Ses05F_impro02/Ses05F_impro02_M031.wav
5;impro;F;sad;3;2;Session5/sentences/wav/Ses05F_impro02/Ses05F_impro02_M032.wav
5;impro;F;sad;3;2;Session5/sentences/wav/Ses05F_impro02/Ses05F_impro02_M041.wav
5;impro;F;sad;3;2;Session5/sentences/wav/Ses05F_impro04/Ses05F_impro04_F016.wav
5;impro;F;sad;3;2;Session5/sentences/wav/Ses05F_impro04/Ses05F_impro04_F017.wav
5;impro;F;sad;3;2;Session5/sentences/wav/Ses05F_impro04/Ses05F_impro04_F019.wav
5;impro;F;sad;3;2;Session5/sentences/wav/Ses05F_impro04/Ses05F_impro04_F023.wav
5;impro;F;sad;3;2;Session5/sentences/wav/Ses05F_impro04/Ses05F_impro04_F042.wav
5;impro;M;sad;3;2;Session5/sentences/wav/Ses05M_impro06/Ses05M_impro06_F002.wav
5;impro;M;sad;3;2;Session5/sentences/wav/Ses05M_impro06/Ses05M_impro06_F003.wav
5;impro;M;sad;3;2;Session5/sentences/wav/Ses05M_impro06/Ses05M_impro06_F004.wav
5;impro;M;sad;3;2;Session5/sentences/wav/Ses05M_impro06/Ses05M_impro06_F006.wav
5;impro;M;sad;3;2;Session5/sentences/wav/Ses05M_impro06/Ses05M_impro06_F008.wav
5;impro;M;sad;3;2;Session5/sentences/wav/Ses05M_impro06/Ses05M_impro06_F009.wav
5;impro;M;sad;3;2;Session5/sentences/wav/Ses05M_impro06/Ses05M_impro06_F010.wav
5;impro;F;sad;3;2;Session5/sentences/wav/Ses05F_impro06/Ses05F_impro06_F006.wav
5;impro;F;sad;3;2;Session5/sentences/wav/Ses05F_impro06/Ses05F_impro06_F007.wav
5;impro;F;sad;3;2;Session5/sentences/wav/Ses05F_impro06/Ses05F_impro06_F019.wav
5;impro;F;sad;3;2;Session5/sentences/wav/Ses05F_impro06/Ses05F_impro06_F020.wav
5;impro;F;sad;3;2;Session5/sentences/wav/Ses05F_impro06/Ses05F_impro06_F021.wav
5;impro;F;sad;3;2;Session5/sentences/wav/Ses05F_impro06/Ses05F_impro06_F022.wav
5;impro;F;sad;3;2;Session5/sentences/wav/Ses05F_impro06/Ses05F_impro06_F023.wav
5;impro;F;sad;3;2;Session5/sentences/wav/Ses05F_impro06/Ses05F_impro06_F025.wav
5;impro;F;sad;3;2;Session5/sentences/wav/Ses05F_impro06/Ses05F_impro06_F029.wav
5;impro;F;sad;3;2;Session5/sentences/wav/Ses05F_impro06/Ses05F_impro06_M001.wav
5;impro;F;sad;3;2;Session5/sentences/wav/Ses05F_impro06/Ses05F_impro06_M002.wav
5;impro;F;sad;3;2;Session5/sentences/wav/Ses05F_impro06/Ses05F_impro06_M004.wav
5;impro;F;sad;3;2;Session5/sentences/wav/Ses05F_impro06/Ses05F_impro06_M005.wav
5;impro;F;sad;3;2;Session5/sentences/wav/Ses05F_impro06/Ses05F_impro06_M006.wav
5;impro;F;sad;3;2;Session5/sentences/wav/Ses05F_impro06/Ses05F_impro06_M007.wav
5;impro;F;sad;3;2;Session5/sentences/wav/Ses05F_impro06/Ses05F_impro06_M008.wav
5;impro;F;sad;3;2;Session5/sentences/wav/Ses05F_impro06/Ses05F_impro06_M009.wav
5;impro;F;sad;3;2;Session5/sentences/wav/Ses05F_impro06/Ses05F_impro06_M011.wav
5;impro;F;sad;3;2;Session5/sentences/wav/Ses05F_impro06/Ses05F_impro06_M014.wav
5;impro;F;sad;3;2;Session5/sentences/wav/Ses05F_impro06/Ses05F_impro06_M020.wav
5;impro;M;sad;4;3;Session5/sentences/wav/Ses05M_impro02/Ses05M_impro02_M000.wav
5;impro;M;sad;4;3;Session5/sentences/wav/Ses05M_impro02/Ses05M_impro02_M007.wav
5;impro;M;sad;4;3;Session5/sentences/wav/Ses05M_impro02/Ses05M_impro02_M011.wav
5;impro;M;sad;4;3;Session5/sentences/wav/Ses05M_impro02/Ses05M_impro02_M013.wav
5;impro;M;sad;4;3;Session5/sentences/wav/Ses05M_impro02/Ses05M_impro02_M019.wav
5;impro;M;sad;4;3;Session5/sentences/wav/Ses05M_impro02/Ses05M_impro02_M025.wav
5;impro;M;sad;4;3;Session5/sentences/wav/Ses05M_impro06/Ses05M_impro06_M000.wav
5;impro;M;sad;4;3;Session5/sentences/wav/Ses05M_impro06/Ses05M_impro06_M003.wav
5;impro;M;sad;4;3;Session5/sentences/wav/Ses05M_impro06/Ses05M_impro06_M007.wav
5;impro;M;sad;4;3;Session5/sentences/wav/Ses05M_impro06/Ses05M_impro06_M008.wav
5;impro;M;sad;4;3;Session5/sentences/wav/Ses05M_impro06/Ses05M_impro06_M010.wav
5;impro;M;sad;4;3;Session5/sentences/wav/Ses05M_impro06/Ses05M_impro06_M012.wav
5;impro;M;sad;4;3;Session5/sentences/wav/Ses05M_impro06/Ses05M_impro06_M014.wav
5;impro;M;sad;4;3;Session5/sentences/wav/Ses05M_impro06/Ses05M_impro06_M017.wav
5;script;M;sad;3;3;Session5/sentences/wav/Ses05M_script01_1b/Ses05M_script01_1b_F028.wav
5;script;M;sad;3;3;Session5/sentences/wav/Ses05M_script02_2/Ses05M_script02_2_F012.wav
5;script;M;sad;3;3;Session5/sentences/wav/Ses05M_script02_2/Ses05M_script02_2_F013.wav
5;script;M;sad;3;3;Session5/sentences/wav/Ses05M_script02_2/Ses05M_script02_2_F014.wav
5;script;M;sad;3;3;Session5/sentences/wav/Ses05M_script02_2/Ses05M_script02_2_F016.wav
5;script;M;sad;3;3;Session5/sentences/wav/Ses05M_script02_2/Ses05M_script02_2_F017.wav
5;script;M;sad;3;3;Session5/sentences/wav/Ses05M_script02_2/Ses05M_script02_2_F018.wav
5;script;M;sad;3;3;Session5/sentences/wav/Ses05M_script02_2/Ses05M_script02_2_F019.wav
5;script;M;sad;3;3;Session5/sentences/wav/Ses05M_script02_2/Ses05M_script02_2_F027.wav
5;script;M;sad;3;3;Session5/sentences/wav/Ses05M_script02_2/Ses05M_script02_2_F028.wav
5;script;M;sad;3;3;Session5/sentences/wav/Ses05M_script02_2/Ses05M_script02_2_F029.wav
5;script;M;sad;3;3;Session5/sentences/wav/Ses05M_script02_2/Ses05M_script02_2_F032.wav
5;script;M;sad;3;3;Session5/sentences/wav/Ses05M_script02_2/Ses05M_script02_2_M031.wav
5;script;M;sad;3;3;Session5/sentences/wav/Ses05M_script02_2/Ses05M_script02_2_M032.wav
5;script;F;sad;3;3;Session5/sentences/wav/Ses05F_script02_2/Ses05F_script02_2_F017.wav
5;script;F;sad;3;3;Session5/sentences/wav/Ses05F_script02_2/Ses05F_script02_2_F025.wav
5;script;F;sad;3;3;Session5/sentences/wav/Ses05F_script02_2/Ses05F_script02_2_F029.wav
5;impro;M;sad;3;3;Session5/sentences/wav/Ses05M_impro02/Ses05M_impro02_F020.wav
5;impro;M;sad;3;3;Session5/sentences/wav/Ses05M_impro02/Ses05M_impro02_F021.wav
5;script;M;sad;3;3;Session5/sentences/wav/Ses05M_script01_3/Ses05M_script01_3_F024.wav
5;script;M;sad;3;3;Session5/sentences/wav/Ses05M_script01_3/Ses05M_script01_3_M039.wav
5;script;F;sad;3;3;Session5/sentences/wav/Ses05F_script01_1/Ses05F_script01_1_F000.wav
5;script;F;sad;3;3;Session5/sentences/wav/Ses05F_script01_1/Ses05F_script01_1_F031.wav
5;script;F;sad;3;3;Session5/sentences/wav/Ses05F_script01_1/Ses05F_script01_1_M003.wav
5;script;F;sad;3;3;Session5/sentences/wav/Ses05F_script01_1/Ses05F_script01_1_M004.wav
5;script;F;sad;3;3;Session5/sentences/wav/Ses05F_script01_1/Ses05F_script01_1_M005.wav
5;script;F;sad;3;3;Session5/sentences/wav/Ses05F_script01_1/Ses05F_script01_1_M006.wav
5;script;F;sad;3;3;Session5/sentences/wav/Ses05F_script01_3/Ses05F_script01_3_F023.wav
5;script;F;sad;3;3;Session5/sentences/wav/Ses05F_script01_3/Ses05F_script01_3_M025.wav
5;script;F;sad;3;3;Session5/sentences/wav/Ses05F_script01_3/Ses05F_script01_3_M026.wav
5;script;F;sad;3;3;Session5/sentences/wav/Ses05F_script01_3/Ses05F_script01_3_M027.wav
5;script;F;sad;3;3;Session5/sentences/wav/Ses05F_script01_3/Ses05F_script01_3_M030.wav
5;impro;F;sad;3;3;Session5/sentences/wav/Ses05F_impro02/Ses05F_impro02_F009.wav
5;impro;F;sad;3;3;Session5/sentences/wav/Ses05F_impro02/Ses05F_impro02_F031.wav
5;impro;F;sad;3;3;Session5/sentences/wav/Ses05F_impro02/Ses05F_impro02_F032.wav
5;impro;F;sad;3;3;Session5/sentences/wav/Ses05F_impro02/Ses05F_impro02_F035.wav
5;impro;F;sad;3;3;Session5/sentences/wav/Ses05F_impro02/Ses05F_impro02_F036.wav
5;impro;F;sad;3;3;Session5/sentences/wav/Ses05F_impro02/Ses05F_impro02_F037.wav
5;impro;F;sad;3;3;Session5/sentences/wav/Ses05F_impro02/Ses05F_impro02_F038.wav
5;impro;F;sad;3;3;Session5/sentences/wav/Ses05F_impro02/Ses05F_impro02_M029.wav
5;impro;F;sad;3;3;Session5/sentences/wav/Ses05F_impro02/Ses05F_impro02_M033.wav
5;impro;F;sad;3;3;Session5/sentences/wav/Ses05F_impro02/Ses05F_impro02_M034.wav
5;impro;F;sad;3;3;Session5/sentences/wav/Ses05F_impro02/Ses05F_impro02_M035.wav
5;impro;F;sad;3;3;Session5/sentences/wav/Ses05F_impro02/Ses05F_impro02_M036.wav
5;impro;F;sad;3;3;Session5/sentences/wav/Ses05F_impro04/Ses05F_impro04_F000.wav
5;impro;F;sad;3;3;Session5/sentences/wav/Ses05F_impro04/Ses05F_impro04_F015.wav
5;impro;F;sad;3;3;Session5/sentences/wav/Ses05F_impro04/Ses05F_impro04_F022.wav
5;impro;M;sad;3;3;Session5/sentences/wav/Ses05M_impro06/Ses05M_impro06_F005.wav
5;impro;M;sad;3;3;Session5/sentences/wav/Ses05M_impro06/Ses05M_impro06_F007.wav
5;impro;F;sad;3;3;Session5/sentences/wav/Ses05F_impro06/Ses05F_impro06_F000.wav
5;impro;F;sad;3;3;Session5/sentences/wav/Ses05F_impro06/Ses05F_impro06_F001.wav
5;impro;F;sad;3;3;Session5/sentences/wav/Ses05F_impro06/Ses05F_impro06_F002.wav
5;impro;F;sad;3;3;Session5/sentences/wav/Ses05F_impro06/Ses05F_impro06_F003.wav
5;impro;F;sad;3;3;Session5/sentences/wav/Ses05F_impro06/Ses05F_impro06_F004.wav
5;impro;F;sad;3;3;Session5/sentences/wav/Ses05F_impro06/Ses05F_impro06_F005.wav
5;impro;F;sad;3;3;Session5/sentences/wav/Ses05F_impro06/Ses05F_impro06_F008.wav
5;impro;F;sad;3;3;Session5/sentences/wav/Ses05F_impro06/Ses05F_impro06_F009.wav
5;impro;F;sad;3;3;Session5/sentences/wav/Ses05F_impro06/Ses05F_impro06_F010.wav
5;impro;F;sad;3;3;Session5/sentences/wav/Ses05F_impro06/Ses05F_impro06_F011.wav
5;impro;F;sad;3;3;Session5/sentences/wav/Ses05F_impro06/Ses05F_impro06_F012.wav
5;impro;F;sad;3;3;Session5/sentences/wav/Ses05F_impro06/Ses05F_impro06_F013.wav
5;impro;F;sad;3;3;Session5/sentences/wav/Ses05F_impro06/Ses05F_impro06_F014.wav
5;impro;F;sad;3;3;Session5/sentences/wav/Ses05F_impro06/Ses05F_impro06_F015.wav
5;impro;F;sad;3;3;Session5/sentences/wav/Ses05F_impro06/Ses05F_impro06_F016.wav
5;impro;F;sad;3;3;Session5/sentences/wav/Ses05F_impro06/Ses05F_impro06_F017.wav
5;impro;F;sad;3;3;Session5/sentences/wav/Ses05F_impro06/Ses05F_impro06_F018.wav
5;impro;F;sad;3;3;Session5/sentences/wav/Ses05F_impro06/Ses05F_impro06_F024.wav
5;impro;F;sad;3;3;Session5/sentences/wav/Ses05F_impro06/Ses05F_impro06_F026.wav
5;impro;F;sad;3;3;Session5/sentences/wav/Ses05F_impro06/Ses05F_impro06_F027.wav
5;impro;F;sad;3;3;Session5/sentences/wav/Ses05F_impro06/Ses05F_impro06_M003.wav
5;impro;M;sad;4;4;Session5/sentences/wav/Ses05M_impro02/Ses05M_impro02_M010.wav
5;impro;M;sad;4;4;Session5/sentences/wav/Ses05M_impro02/Ses05M_impro02_M012.wav
5;impro;M;sad;4;4;Session5/sentences/wav/Ses05M_impro02/Ses05M_impro02_M018.wav
5;impro;M;sad;4;4;Session5/sentences/wav/Ses05M_impro02/Ses05M_impro02_M021.wav
5;impro;M;sad;4;4;Session5/sentences/wav/Ses05M_impro02/Ses05M_impro02_M027.wav
5;impro;M;sad;4;4;Session5/sentences/wav/Ses05M_impro02/Ses05M_impro02_M028.wav
5;impro;M;sad;4;4;Session5/sentences/wav/Ses05M_impro06/Ses05M_impro06_M001.wav
5;impro;M;sad;4;4;Session5/sentences/wav/Ses05M_impro06/Ses05M_impro06_M002.wav
5;impro;M;sad;4;4;Session5/sentences/wav/Ses05M_impro06/Ses05M_impro06_M004.wav
5;impro;M;sad;4;4;Session5/sentences/wav/Ses05M_impro06/Ses05M_impro06_M011.wav
5;impro;M;sad;4;4;Session5/sentences/wav/Ses05M_impro06/Ses05M_impro06_M013.wav
5;impro;M;sad;4;4;Session5/sentences/wav/Ses05M_impro06/Ses05M_impro06_M018.wav
5;impro;M;sad;4;4;Session5/sentences/wav/Ses05M_impro06/Ses05M_impro06_M019.wav
